insert into STAFF (staffid, fname, lname, dateofbirth, dateofemployment, gender, address, email, phone) values (1, 'Nataniel', 'Hedditch', '1991-12-22', '2010-11-14', 'M', '020 Macpherson Street', 'nhedditch0@pinterest.com', '499-247-5109');
insert into STAFF (staffid, fname, lname, dateofbirth, dateofemployment, gender, address, email, phone) values (2, 'Devan', 'Stening', '2011-01-22', '2011-08-19', 'F', '7 Forster Circle', 'dstening1@census.gov', '195-571-0488');
insert into STAFF (staffid, fname, lname, dateofbirth, dateofemployment, gender, address, email, phone) values (3, 'Meggie', 'Barracks', '2018-01-22', '2010-03-12', 'F', '44 Browning Crossing', 'mbarracks2@ask.com', '738-475-4549');
insert into STAFF (staffid, fname, lname, dateofbirth, dateofemployment, gender, address, email, phone) values (4, 'Quinton', 'Napoli', '1997-04-05', '2017-08-19', 'M', '975 Holy Cross Park', null, '200-419-7811');
insert into STAFF (staffid, fname, lname, dateofbirth, dateofemployment, gender, address, email, phone) values (5, 'Theresita', 'Breache', '1992-11-26', '2006-09-23', 'F', '3879 Schiller Crossing', 'tbreache4@wix.com', '296-257-1970');
insert into STAFF (staffid, fname, lname, dateofbirth, dateofemployment, gender, address, email, phone) values (6, 'Mayor', 'Gaze', '1998-08-03', '2014-04-03', 'M', '92963 East Crossing', 'mgaze5@dion.ne.jp', '410-470-0656');
insert into STAFF (staffid, fname, lname, dateofbirth, dateofemployment, gender, address, email, phone) values (7, 'Nonie', 'Guttridge', '2016-01-01', '2016-03-08', 'F', '09854 Lighthouse Bay Lane', 'nguttridge6@scientificamerican.com', '114-470-7893');
insert into STAFF (staffid, fname, lname, dateofbirth, dateofemployment, gender, address, email, phone) values (8, 'Royce', 'Waycott', '2014-03-08', '2006-06-15', 'M', '654 Summit Lane', 'rwaycott7@msu.edu', '857-877-3867');
insert into STAFF (staffid, fname, lname, dateofbirth, dateofemployment, gender, address, email, phone) values (9, 'Frederich', 'Linkleter', '1994-08-26', '2014-02-23', 'M', '8 Roth Place', 'flinkleter8@amazon.co.jp', '625-678-6239');
insert into STAFF (staffid, fname, lname, dateofbirth, dateofemployment, gender, address, email, phone) values (10, 'Marne', 'Schohier', '2010-03-11', '2016-03-11', 'F', '604 Dryden Road', 'mschohier9@rambler.ru', '174-743-1156');
insert into STAFF (staffid, fname, lname, dateofbirth, dateofemployment, gender, address, email, phone) values (11, 'Salvidor', 'Covill', '2013-02-10', '2007-08-26', 'M', '5 Summit Center', 'scovilla@yandex.ru', '895-805-3952');
insert into STAFF (staffid, fname, lname, dateofbirth, dateofemployment, gender, address, email, phone) values (12, 'Tamera', 'Petracco', '2001-02-06', '2004-09-01', 'F', '544 Everett Terrace', 'tpetraccob@wix.com', '768-919-8599');
insert into STAFF (staffid, fname, lname, dateofbirth, dateofemployment, gender, address, email, phone) values (13, 'Jarrid', 'Birckmann', '2000-11-10', '2000-09-25', 'M', '30753 Hoepker Crossing', 'jbirckmannc@go.com', '443-163-9848');
insert into STAFF (staffid, fname, lname, dateofbirth, dateofemployment, gender, address, email, phone) values (14, 'Charmine', 'Youthed', '1994-10-21', '2008-08-24', 'F', '27 Larry Court', 'cyouthedd@eventbrite.com', '547-104-1837');
insert into STAFF (staffid, fname, lname, dateofbirth, dateofemployment, gender, address, email, phone) values (15, 'Sari', 'Hansom', '2003-09-19', '2017-07-14', 'F', '58 Merrick Trail', 'shansome@disqus.com', '905-360-6102');
insert into STAFF (staffid, fname, lname, dateofbirth, dateofemployment, gender, address, email, phone) values (16, 'Astrid', 'Howis', '2007-11-08', '2007-10-30', 'F', '671 Stuart Hill', null, '666-976-8723');
insert into STAFF (staffid, fname, lname, dateofbirth, dateofemployment, gender, address, email, phone) values (17, 'Demetria', 'Temple', '2015-12-26', '2016-10-03', 'F', '7 Springview Park', 'dtempleg@gov.uk', '139-816-2568');
insert into STAFF (staffid, fname, lname, dateofbirth, dateofemployment, gender, address, email, phone) values (18, 'Maire', 'Gorvin', '2010-03-04', '2013-05-07', 'F', '5131 Beilfuss Terrace', null, '131-596-9671');
insert into STAFF (staffid, fname, lname, dateofbirth, dateofemployment, gender, address, email, phone) values (19, 'Myron', 'Anand', '2013-07-04', '2004-12-26', 'M', '763 Fuller Street', 'manandi@tmall.com', '561-611-9433');
insert into STAFF (staffid, fname, lname, dateofbirth, dateofemployment, gender, address, email, phone) values (20, 'Augustine', 'Kurtis', '2016-02-13', '2009-03-31', 'M', '7640 Sunbrook Trail', 'akurtisj@vistaprint.com', '589-477-8221');
insert into STAFF (staffid, fname, lname, dateofbirth, dateofemployment, gender, address, email, phone) values (21, 'Hervey', 'Stoneham', '1994-07-11', '2003-12-17', 'M', '07124 Little Fleur Junction', 'hstonehamk@redcross.org', '649-392-0642');
insert into STAFF (staffid, fname, lname, dateofbirth, dateofemployment, gender, address, email, phone) values (22, 'Evey', 'Denslow', '2003-06-05', '2016-06-04', 'F', '1493 Mayer Hill', 'edenslowl@un.org', '669-702-3438');
insert into STAFF (staffid, fname, lname, dateofbirth, dateofemployment, gender, address, email, phone) values (23, 'Perice', 'Maggill''Andreis', '1992-11-14', '2009-04-19', 'M', '5057 Derek Point', 'pmaggillandreism@telegraph.co.uk', '876-629-6932');
insert into STAFF (staffid, fname, lname, dateofbirth, dateofemployment, gender, address, email, phone) values (24, 'Dieter', 'Pratte', '2010-03-08', '2017-03-17', 'M', '257 Pankratz Crossing', 'dpratten@creativecommons.org', '291-703-7362');
insert into STAFF (staffid, fname, lname, dateofbirth, dateofemployment, gender, address, email, phone) values (25, 'Jackqueline', 'O''Cleary', '1995-08-22', '2010-01-25', 'F', '26 International Way', 'joclearyo@skyrock.com', '397-317-0469');
insert into STAFF (staffid, fname, lname, dateofbirth, dateofemployment, gender, address, email, phone) values (26, 'Martha', 'Beranek', '2013-10-12', '2012-04-29', 'F', '350 Gateway Point', 'mberanekp@biblegateway.com', '228-156-2139');
insert into STAFF (staffid, fname, lname, dateofbirth, dateofemployment, gender, address, email, phone) values (27, 'Elton', 'Brecknock', '1997-06-16', '2009-03-23', 'M', '00875 Cardinal Park', 'ebrecknockq@domainmarket.com', '791-546-6786');
insert into STAFF (staffid, fname, lname, dateofbirth, dateofemployment, gender, address, email, phone) values (28, 'Lyssa', 'Selbie', '2003-02-05', '2017-01-27', 'F', '1 Farragut Junction', 'lselbier@whitehouse.gov', '414-980-3460');
insert into STAFF (staffid, fname, lname, dateofbirth, dateofemployment, gender, address, email, phone) values (29, 'Xenos', 'Pope', '1999-06-22', '2010-10-04', 'M', '02 Namekagon Drive', 'xpopes@trellian.com', '289-611-3889');
insert into STAFF (staffid, fname, lname, dateofbirth, dateofemployment, gender, address, email, phone) values (30, 'Sanders', 'Banford', '1999-09-10', '2003-04-19', 'M', '6636 8th Center', 'sbanfordt@vistaprint.com', '367-921-1027');
insert into STAFF (staffid, fname, lname, dateofbirth, dateofemployment, gender, address, email, phone) values (31, 'Donaugh', 'Balsellie', '2016-05-19', '2003-12-05', 'M', '3416 Corben Court', null, '203-115-5844');
insert into STAFF (staffid, fname, lname, dateofbirth, dateofemployment, gender, address, email, phone) values (32, 'Grange', 'Maron', '2017-08-22', '2017-10-31', 'M', '5618 Killdeer Parkway', 'gmaronv@salon.com', '807-626-2912');
insert into STAFF (staffid, fname, lname, dateofbirth, dateofemployment, gender, address, email, phone) values (33, 'Ginger', 'Stratiff', '2004-07-03', '2003-10-13', 'M', '25039 Cottonwood Point', null, '533-630-4286');
insert into STAFF (staffid, fname, lname, dateofbirth, dateofemployment, gender, address, email, phone) values (34, 'Jobyna', 'Isaksson', '1998-01-01', '2007-12-07', 'F', '59 Sommers Lane', 'jisakssonx@flavors.me', '895-664-4935');
insert into STAFF (staffid, fname, lname, dateofbirth, dateofemployment, gender, address, email, phone) values (35, 'Felike', 'Reicharz', '1996-01-29', '2000-07-26', 'M', '169 Springs Court', 'freicharzy@meetup.com', '204-951-5786');
insert into STAFF (staffid, fname, lname, dateofbirth, dateofemployment, gender, address, email, phone) values (36, 'Brunhilde', 'Tomasek', '1996-11-27', '2007-06-17', 'F', '5 Cottonwood Drive', null, '387-908-8165');
insert into STAFF (staffid, fname, lname, dateofbirth, dateofemployment, gender, address, email, phone) values (37, 'Conway', 'Brunton', '2011-04-25', '2014-08-19', 'M', '19907 Marcy Lane', 'cbrunton10@indiegogo.com', '794-164-9680');
insert into STAFF (staffid, fname, lname, dateofbirth, dateofemployment, gender, address, email, phone) values (38, 'Corilla', 'Lavery', '2008-07-30', '2011-10-10', 'F', '0 Ludington Road', null, '598-612-8757');
insert into STAFF (staffid, fname, lname, dateofbirth, dateofemployment, gender, address, email, phone) values (39, 'Barny', 'Tegeller', '1996-10-21', '2013-06-20', 'M', '667 Grim Junction', 'btegeller12@cloudflare.com', '828-430-5106');
insert into STAFF (staffid, fname, lname, dateofbirth, dateofemployment, gender, address, email, phone) values (40, 'Tiffi', 'Hallt', '1990-03-13', '2015-11-09', 'F', '7584 Jana Pass', 'thallt13@nifty.com', '417-286-2633');
insert into STAFF (staffid, fname, lname, dateofbirth, dateofemployment, gender, address, email, phone) values (41, 'Gregor', 'Middlebrook', '2013-08-06', '2013-01-29', 'M', '7 Westerfield Crossing', 'gmiddlebrook14@sina.com.cn', '711-501-4595');
insert into STAFF (staffid, fname, lname, dateofbirth, dateofemployment, gender, address, email, phone) values (42, 'Bartholomeus', 'Hamflett', '1999-01-08', '2013-02-25', 'M', '21 Arizona Park', null, '725-173-9782');
insert into STAFF (staffid, fname, lname, dateofbirth, dateofemployment, gender, address, email, phone) values (43, 'Cecilio', 'Bessett', '2004-05-16', '2001-01-12', 'M', '48 Pepper Wood Way', 'cbessett16@mlb.com', '863-845-8921');
insert into STAFF (staffid, fname, lname, dateofbirth, dateofemployment, gender, address, email, phone) values (44, 'Cory', 'Hobgen', '2008-12-19', '2013-05-24', 'F', '8 Dovetail Hill', 'chobgen17@msn.com', '928-627-6123');
insert into STAFF (staffid, fname, lname, dateofbirth, dateofemployment, gender, address, email, phone) values (45, 'North', 'Lissandrini', '1998-08-27', '2007-10-05', 'M', '0 Marquette Drive', null, '889-686-6267');
insert into STAFF (staffid, fname, lname, dateofbirth, dateofemployment, gender, address, email, phone) values (46, 'Kyrstin', 'Rickman', '1994-11-23', '2001-10-16', 'F', '74 Springs Terrace', 'krickman19@imageshack.us', '561-236-3104');
insert into STAFF (staffid, fname, lname, dateofbirth, dateofemployment, gender, address, email, phone) values (47, 'Trip', 'Galbreath', '2010-04-15', '2010-03-31', 'M', '0123 Lakewood Gardens Drive', 'tgalbreath1a@w3.org', '950-424-4466');
insert into STAFF (staffid, fname, lname, dateofbirth, dateofemployment, gender, address, email, phone) values (48, 'Rosemary', 'Damant', '2004-03-21', '2010-09-29', 'F', '97 Shoshone Court', 'rdamant1b@twitpic.com', '143-935-0007');
insert into STAFF (staffid, fname, lname, dateofbirth, dateofemployment, gender, address, email, phone) values (49, 'Rancell', 'Whinney', '2012-01-08', '2009-12-27', 'M', '21220 Iowa Terrace', 'rwhinney1c@intel.com', '563-772-4866');
insert into STAFF (staffid, fname, lname, dateofbirth, dateofemployment, gender, address, email, phone) values (50, 'Kirby', 'Antonescu', '1998-09-05', '2008-12-01', 'M', '1748 Ridgeway Alley', 'kantonescu1d@dropbox.com', '801-676-9340');

insert into DEPARTMENT (DepartmentID, Name, SupervisorID) values (1, 'Product Management', 1);
insert into DEPARTMENT (DepartmentID, Name, SupervisorID) values (2, 'Services', 15);
insert into DEPARTMENT (DepartmentID, Name, SupervisorID) values (3, 'Marketing', 19);
insert into DEPARTMENT (DepartmentID, Name, SupervisorID) values (4, 'Support', 14);
insert into DEPARTMENT (DepartmentID, Name, SupervisorID) values (5, 'Sales', 17);
insert into DEPARTMENT (DepartmentID, Name, SupervisorID) values (6, 'Legal', 14);
insert into DEPARTMENT (DepartmentID, Name, SupervisorID) values (7, 'Animal Care Sciences', 10);
insert into DEPARTMENT (DepartmentID, Name, SupervisorID) values (8, 'Research and Development', 24);
insert into DEPARTMENT (DepartmentID, Name, SupervisorID) values (9, 'Human Resources', 11);
insert into DEPARTMENT (DepartmentID, Name, SupervisorID) values (10, 'Conservation', 10);


insert into ZONE (ZoneID, Name, DepartmentID) values (1, 'Main Entrance', 10);
insert into ZONE (ZoneID, Name, DepartmentID) values (2, 'Florida Wildlife', 1);
insert into ZONE (ZoneID, Name, DepartmentID) values (3, 'Asian Gardens', 8);
insert into ZONE (ZoneID, Name, DepartmentID) values (4, 'Primate World', 4);
insert into ZONE (ZoneID, Name, DepartmentID) values (5, 'Carousel Circle', 4);
insert into ZONE (ZoneID, Name, DepartmentID) values (6, 'Wallaroo Station', 5);
insert into ZONE (ZoneID, Name, DepartmentID) values (7, 'Safari Africa', 5);
insert into ZONE (ZoneID, Name, DepartmentID) values (8, 'Zoo School', 6);
insert into ZONE (ZoneID, Name, DepartmentID) values (9, 'Bear Country', 5);
insert into ZONE (ZoneID, Name, DepartmentID) values (10, 'Amphibeans', 3);
insert into ZONE (ZoneID, Name, DepartmentID) values (11, 'Picnic Area', 4);
insert into ZONE (ZoneID, Name, DepartmentID) values (12, 'Forest Discovery', 2);
insert into ZONE (ZoneID, Name, DepartmentID) values (13, 'Wetlands', 5);
insert into ZONE (ZoneID, Name, DepartmentID) values (14, 'Cat Grotto', 9);
insert into ZONE (ZoneID, Name, DepartmentID) values (15, 'Gibbon Forest', 2);
insert into ZONE (ZoneID, Name, DepartmentID) values (16, 'Black Bear', 5);
insert into ZONE (ZoneID, Name, DepartmentID) values (17, 'Gift Shop Area', 5);
insert into ZONE (ZoneID, Name, DepartmentID) values (18, 'Train Depot', 7);
insert into ZONE (ZoneID, Name, DepartmentID) values (19, 'Education Center', 5);
insert into ZONE (ZoneID, Name, DepartmentID) values (20, 'Lory Landing', 10);
insert into ZONE (ZoneID, Name, DepartmentID) values (21, 'Rift Valley', 1);
insert into ZONE (ZoneID, Name, DepartmentID) values (22, 'Treetop Lookout', 2);
insert into ZONE (ZoneID, Name, DepartmentID) values (23, 'Australian Aviary', 1);
insert into ZONE (ZoneID, Name, DepartmentID) values (24, 'My Backyard', 9);
insert into ZONE (ZoneID, Name, DepartmentID) values (25, 'Primates', 1);

insert into ANIMAL (AnimalID, Name, Type, DateAquired, DateofBirth, Gender, ZoneID, Primary_Caregiver) values (1, 'Gabrila Danbury', 'Sungazer', '08/19/2007', '12/06/1998', 'F', 4, 11);
insert into ANIMAL (AnimalID, Name, Type, DateAquired, DateofBirth, Gender, ZoneID, Primary_Caregiver) values (2, 'Nancee Netti', 'Dragon', '03/27/2014', '02/03/1991', 'F', 20, 10);
insert into ANIMAL (AnimalID, Name, Type, DateAquired, DateofBirth, Gender, ZoneID, Primary_Caregiver) values (3, 'Worden Doelle', 'Otter', '04/27/2014', '06/15/2005', 'M', 12, 1);
insert into ANIMAL (AnimalID, Name, Type, DateAquired, DateofBirth, Gender, ZoneID, Primary_Caregiver) values (4, 'Giacinta Ritchley', 'Caracara', '05/05/2005', '12/18/2016', 'F', 22, 18);
insert into ANIMAL (AnimalID, Name, Type, DateAquired, DateofBirth, Gender, ZoneID, Primary_Caregiver) values (5, 'Sutton Kroger', 'Roller', '06/17/2003', '08/31/1994', 'M', 17, 25);
insert into ANIMAL (AnimalID, Name, Type, DateAquired, DateofBirth, Gender, ZoneID, Primary_Caregiver) values (6, 'Dalia Amoss', 'Jacana', '06/13/2009', '11/05/1995', 'F', 25, 20);
insert into ANIMAL (AnimalID, Name, Type, DateAquired, DateofBirth, Gender, ZoneID, Primary_Caregiver) values (7, 'Shane Friberg', 'Cape raven', '10/31/2014', null, 'M', 1, 15);
insert into ANIMAL (AnimalID, Name, Type, DateAquired, DateofBirth, Gender, ZoneID, Primary_Caregiver) values (8, 'Cthrine Probate', 'Swamp deer', '06/12/2011', '05/09/2004', 'F', 22, 19);
insert into ANIMAL (AnimalID, Name, Type, DateAquired, DateofBirth, Gender, ZoneID, Primary_Caregiver) values (9, 'Jarrett Kleyn', 'Hanuman langur', '12/03/2003', '03/09/1997', 'M', 3, 9);
insert into ANIMAL (AnimalID, Name, Type, DateAquired, DateofBirth, Gender, ZoneID, Primary_Caregiver) values (10, 'Claudell Bulward', 'Puma', '03/20/2006', '02/17/2004', 'M', 19, 3);
insert into ANIMAL (AnimalID, Name, Type, DateAquired, DateofBirth, Gender, ZoneID, Primary_Caregiver) values (11, 'Dov Schuler', 'Black rhinoceros', '07/22/2011', null, 'M', 13, 4);
insert into ANIMAL (AnimalID, Name, Type, DateAquired, DateofBirth, Gender, ZoneID, Primary_Caregiver) values (12, 'Shandy Jonson', 'Lion', '08/18/2004', '05/07/2011', 'F', 17, 11);
insert into ANIMAL (AnimalID, Name, Type, DateAquired, DateofBirth, Gender, ZoneID, Primary_Caregiver) values (13, 'Brien Belvard', 'Curlew', '02/16/2007', '05/12/2009', 'M', 22, 25);
insert into ANIMAL (AnimalID, Name, Type, DateAquired, DateofBirth, Gender, ZoneID, Primary_Caregiver) values (14, 'Gerard Parzis', 'Kafue flats lechwe', '08/08/2004', '11/08/2013', 'M', 12, 3);
insert into ANIMAL (AnimalID, Name, Type, DateAquired, DateofBirth, Gender, ZoneID, Primary_Caregiver) values (15, 'Amelina Belitz', 'Crane', '06/13/2006', '02/15/2016', 'F', 16, 7);
insert into ANIMAL (AnimalID, Name, Type, DateAquired, DateofBirth, Gender, ZoneID, Primary_Caregiver) values (16, 'Rustie Merdew', 'Golden jackal', '11/25/2011', '07/06/2003', 'M', 11, 16);
insert into ANIMAL (AnimalID, Name, Type, DateAquired, DateofBirth, Gender, ZoneID, Primary_Caregiver) values (17, 'Shurlock O''Feeny', 'Darwin ground finch', '05/31/2011', null, 'M', 9, 2);
insert into ANIMAL (AnimalID, Name, Type, DateAquired, DateofBirth, Gender, ZoneID, Primary_Caregiver) values (18, 'Nana Ashelford', 'Penguin', '07/09/2017', '08/22/1995', 'F', 6, 7);
insert into ANIMAL (AnimalID, Name, Type, DateAquired, DateofBirth, Gender, ZoneID, Primary_Caregiver) values (19, 'Enrique Philps', 'Southern right whale', '07/31/2010', '03/06/2002', 'M', 16, 11);
insert into ANIMAL (AnimalID, Name, Type, DateAquired, DateofBirth, Gender, ZoneID, Primary_Caregiver) values (20, 'Rowena Nealand', 'Lizard', '02/21/2006', '11/30/2004', 'F', 21, 19);
insert into ANIMAL (AnimalID, Name, Type, DateAquired, DateofBirth, Gender, ZoneID, Primary_Caregiver) values (21, 'Camille Feathers', 'South American sea lion', '10/30/2012', null, 'F', 17, 10);
insert into ANIMAL (AnimalID, Name, Type, DateAquired, DateofBirth, Gender, ZoneID, Primary_Caregiver) values (22, 'Merv Hammerberger', 'Wallaby', '02/14/2004', '06/28/2007', 'M', 23, 13);
insert into ANIMAL (AnimalID, Name, Type, DateAquired, DateofBirth, Gender, ZoneID, Primary_Caregiver) values (23, 'Norry Blue', 'Porcupine', '05/29/2001', '06/16/2014', 'F', 7, 20);
insert into ANIMAL (AnimalID, Name, Type, DateAquired, DateofBirth, Gender, ZoneID, Primary_Caregiver) values (24, 'Francesco Cottage', 'Pampa gray fox', '04/27/2006', '02/03/1997', 'M', 13, 2);
insert into ANIMAL (AnimalID, Name, Type, DateAquired, DateofBirth, Gender, ZoneID, Primary_Caregiver) values (25, 'Becky Gaukroger', 'Glider', '04/13/2018', '11/15/1991', 'F', 14, 9);
insert into ANIMAL (AnimalID, Name, Type, DateAquired, DateofBirth, Gender, ZoneID, Primary_Caregiver) values (26, 'Daniele Hullyer', 'Peregrine falcon', '04/26/2001', '09/25/2012', 'F', 1, 19);
insert into ANIMAL (AnimalID, Name, Type, DateAquired, DateofBirth, Gender, ZoneID, Primary_Caregiver) values (27, 'Moll Blaisdell', 'Common pheasant', '11/01/2009', '10/04/1990', 'F', 25, 13);
insert into ANIMAL (AnimalID, Name, Type, DateAquired, DateofBirth, Gender, ZoneID, Primary_Caregiver) values (28, 'Constantine Gibbonson', 'Grey heron', '08/17/2005', null, 'F', 19, 11);
insert into ANIMAL (AnimalID, Name, Type, DateAquired, DateofBirth, Gender, ZoneID, Primary_Caregiver) values (29, 'Antonetta MacArte', 'Clark''s nutcracker', '01/21/2013', '06/01/1996', 'F', 11, 18);
insert into ANIMAL (AnimalID, Name, Type, DateAquired, DateofBirth, Gender, ZoneID, Primary_Caregiver) values (30, 'Yehudit Kasher', 'Boa', '04/10/2014', '02/06/1994', 'M', 4, 4);
insert into ANIMAL (AnimalID, Name, Type, DateAquired, DateofBirth, Gender, ZoneID, Primary_Caregiver) values (31, 'Maris Bryer', 'Chital', '10/27/2012', '01/02/2018', 'F', 18, 4);
insert into ANIMAL (AnimalID, Name, Type, DateAquired, DateofBirth, Gender, ZoneID, Primary_Caregiver) values (32, 'Laurette Conochie', 'Bird', '05/16/2010', '03/09/2006', 'F', 2, 18);
insert into ANIMAL (AnimalID, Name, Type, DateAquired, DateofBirth, Gender, ZoneID, Primary_Caregiver) values (33, 'Ilyssa Blayney', 'Duck', '07/13/2010', '07/04/1991', 'F', 24, 4);
insert into ANIMAL (AnimalID, Name, Type, DateAquired, DateofBirth, Gender, ZoneID, Primary_Caregiver) values (34, 'Sully Rogerot', 'Pigeon', '12/03/2011', '09/14/2001', 'M', 4, 9);
insert into ANIMAL (AnimalID, Name, Type, DateAquired, DateofBirth, Gender, ZoneID, Primary_Caregiver) values (35, 'Edsel Dellatorre', 'Chimpanzee', '04/12/2014', '02/13/2015', 'M', 13, 4);
insert into ANIMAL (AnimalID, Name, Type, DateAquired, DateofBirth, Gender, ZoneID, Primary_Caregiver) values (36, 'Barbara-anne Penritt', 'Avocet', '08/22/2006', '11/24/1998', 'F', 23, 14);
insert into ANIMAL (AnimalID, Name, Type, DateAquired, DateofBirth, Gender, ZoneID, Primary_Caregiver) values (37, 'Anabella Mauditt', 'Elephant', '09/20/2007', '12/18/1994', 'F', 3, 16);
insert into ANIMAL (AnimalID, Name, Type, DateAquired, DateofBirth, Gender, ZoneID, Primary_Caregiver) values (38, 'Kiri Upton', 'Crane', '01/14/2010', '02/02/1996', 'F', 25, 4);
insert into ANIMAL (AnimalID, Name, Type, DateAquired, DateofBirth, Gender, ZoneID, Primary_Caregiver) values (39, 'Venita MacKissack', 'Indian jackal', '12/07/2015', '11/06/2007', 'F', 17, 12);
insert into ANIMAL (AnimalID, Name, Type, DateAquired, DateofBirth, Gender, ZoneID, Primary_Caregiver) values (40, 'Elisabet Truin', 'Rattlesnake', '08/02/2014', '10/07/1998', 'F', 24, 23);
insert into ANIMAL (AnimalID, Name, Type, DateAquired, DateofBirth, Gender, ZoneID, Primary_Caregiver) values (41, 'Kalvin Eim', 'Large-eared bushbaby', '04/07/2011', '07/27/2007', 'M', 9, 13);
insert into ANIMAL (AnimalID, Name, Type, DateAquired, DateofBirth, Gender, ZoneID, Primary_Caregiver) values (42, 'Mortimer McGreil', 'Booby', '07/08/2012', '06/15/1991', 'M', 25, 23);
insert into ANIMAL (AnimalID, Name, Type, DateAquired, DateofBirth, Gender, ZoneID, Primary_Caregiver) values (43, 'Cristabel Le land', 'Squirrel', '04/12/2017', '10/02/1990', 'F', 16, 16);
insert into ANIMAL (AnimalID, Name, Type, DateAquired, DateofBirth, Gender, ZoneID, Primary_Caregiver) values (44, 'Brit Impson', 'Musk ox', '03/06/2010', '02/22/2007', 'F', 23, 14);
insert into ANIMAL (AnimalID, Name, Type, DateAquired, DateofBirth, Gender, ZoneID, Primary_Caregiver) values (45, 'Elbert Pavy', 'Antechinus', '08/12/2013', '01/11/2011', 'M', 3, 5);
insert into ANIMAL (AnimalID, Name, Type, DateAquired, DateofBirth, Gender, ZoneID, Primary_Caregiver) values (46, 'Teri ducarme', 'Urial', '12/31/2008', '12/27/1997', 'F', 6, 9);
insert into ANIMAL (AnimalID, Name, Type, DateAquired, DateofBirth, Gender, ZoneID, Primary_Caregiver) values (47, 'Felic Slegg', 'Bear', '12/31/2006', '05/02/1998', 'M', 1, 8);
insert into ANIMAL (AnimalID, Name, Type, DateAquired, DateofBirth, Gender, ZoneID, Primary_Caregiver) values (48, 'Josi Whyborne', 'Wallaby''s', '02/23/2002', '04/08/2000', 'F', 22, 5);
insert into ANIMAL (AnimalID, Name, Type, DateAquired, DateofBirth, Gender, ZoneID, Primary_Caregiver) values (49, 'Roxanne O''Grady', 'Arctic lemming', '02/15/2003', null, 'F', 20, 22);
insert into ANIMAL (AnimalID, Name, Type, DateAquired, DateofBirth, Gender, ZoneID, Primary_Caregiver) values (50, 'Micky Hedylstone', 'Heron, striated', '02/24/2013', '07/10/2005', 'F', 23, 1);
insert into ANIMAL (AnimalID, Name, Type, DateAquired, DateofBirth, Gender, ZoneID, Primary_Caregiver) values (51, 'Yvon Cheal', 'Brush-tailed bettong', '06/26/2007', '03/18/2006', 'M', 8, 14);
insert into ANIMAL (AnimalID, Name, Type, DateAquired, DateofBirth, Gender, ZoneID, Primary_Caregiver) values (52, 'Candra Eacott', 'Kingfisher', '10/17/2000', '08/26/2006', 'F', 8, 5);
insert into ANIMAL (AnimalID, Name, Type, DateAquired, DateofBirth, Gender, ZoneID, Primary_Caregiver) values (53, 'Andrea Smithin', 'Wild water buffalo', '04/25/2009', '10/02/2013', 'M', 2, 2);
insert into ANIMAL (AnimalID, Name, Type, DateAquired, DateofBirth, Gender, ZoneID, Primary_Caregiver) values (54, 'Devan Limer', 'Pied kingfisher', '09/17/2015', '05/23/1998', 'F', 4, 22);
insert into ANIMAL (AnimalID, Name, Type, DateAquired, DateofBirth, Gender, ZoneID, Primary_Caregiver) values (55, 'Lothario Janse', 'Eagle owl', '08/06/2010', '04/17/2017', 'M', 24, 8);
insert into ANIMAL (AnimalID, Name, Type, DateAquired, DateofBirth, Gender, ZoneID, Primary_Caregiver) values (56, 'Alejoa Percy', 'Long-billed cockatoo', '04/19/2017', '06/16/2012', 'M', 23, 17);
insert into ANIMAL (AnimalID, Name, Type, DateAquired, DateofBirth, Gender, ZoneID, Primary_Caregiver) values (57, 'Cleve Dameisele', 'Crested porcupine', '08/19/2007', '02/07/2003', 'M', 9, 18);
insert into ANIMAL (AnimalID, Name, Type, DateAquired, DateofBirth, Gender, ZoneID, Primary_Caregiver) values (58, 'Cass Buckner', 'Bee-eater', '06/20/2010', '10/30/2007', 'F', 21, 7);
insert into ANIMAL (AnimalID, Name, Type, DateAquired, DateofBirth, Gender, ZoneID, Primary_Caregiver) values (59, 'Romonda Oats', 'Plover', '08/04/2008', '10/10/1995', 'F', 22, 11);
insert into ANIMAL (AnimalID, Name, Type, DateAquired, DateofBirth, Gender, ZoneID, Primary_Caregiver) values (60, 'Frankie Virgin', 'Otter', '07/16/2017', '03/18/2003', 'F', 11, 3);
insert into ANIMAL (AnimalID, Name, Type, DateAquired, DateofBirth, Gender, ZoneID, Primary_Caregiver) values (61, 'Brantley Messum', 'Rufous tree pie', '10/23/2001', null, 'M', 7, 18);
insert into ANIMAL (AnimalID, Name, Type, DateAquired, DateofBirth, Gender, ZoneID, Primary_Caregiver) values (62, 'Berne Munnis', 'Scaly-breasted lorikeet', '05/13/2015', '10/02/2017', 'M', 11, 10);
insert into ANIMAL (AnimalID, Name, Type, DateAquired, DateofBirth, Gender, ZoneID, Primary_Caregiver) values (63, 'Malchy Issacson', 'Spotted-tailed quoll', '07/22/2014', '11/08/2002', 'M', 14, 19);
insert into ANIMAL (AnimalID, Name, Type, DateAquired, DateofBirth, Gender, ZoneID, Primary_Caregiver) values (64, 'Sascha Sheekey', 'African black crake', '03/16/2016', '01/10/1995', 'F', 18, 16);
insert into ANIMAL (AnimalID, Name, Type, DateAquired, DateofBirth, Gender, ZoneID, Primary_Caregiver) values (65, 'Augustin Tricker', 'African elephant', '03/08/2004', '11/10/1990', 'M', 12, 2);
insert into ANIMAL (AnimalID, Name, Type, DateAquired, DateofBirth, Gender, ZoneID, Primary_Caregiver) values (66, 'Aarika Emanulsson', 'Galapagos hawk', '08/18/2012', '07/05/2000', 'F', 15, 11);
insert into ANIMAL (AnimalID, Name, Type, DateAquired, DateofBirth, Gender, ZoneID, Primary_Caregiver) values (67, 'Giorgio Tierny', 'Worm snake', '11/17/2009', '06/02/2015', 'M', 25, 23);
insert into ANIMAL (AnimalID, Name, Type, DateAquired, DateofBirth, Gender, ZoneID, Primary_Caregiver) values (68, 'Raymund Rossant', 'Stork', '07/19/2010', null, 'M', 21, 6);
insert into ANIMAL (AnimalID, Name, Type, DateAquired, DateofBirth, Gender, ZoneID, Primary_Caregiver) values (69, 'Raffaello Peyes', 'Capuchin', '04/19/2006', '05/24/1991', 'M', 16, 21);
insert into ANIMAL (AnimalID, Name, Type, DateAquired, DateofBirth, Gender, ZoneID, Primary_Caregiver) values (70, 'Mason Lynnett', 'Rufous-collared sparrow', '10/22/2006', '10/14/2005', 'M', 4, 22);
insert into ANIMAL (AnimalID, Name, Type, DateAquired, DateofBirth, Gender, ZoneID, Primary_Caregiver) values (71, 'Letta Barus', 'Mallard', '07/24/2016', '03/01/2000', 'F', 17, 9);
insert into ANIMAL (AnimalID, Name, Type, DateAquired, DateofBirth, Gender, ZoneID, Primary_Caregiver) values (72, 'Janos Mellows', 'Blesbok', '07/02/2007', '03/30/2014', 'M', 10, 11);
insert into ANIMAL (AnimalID, Name, Type, DateAquired, DateofBirth, Gender, ZoneID, Primary_Caregiver) values (73, 'Kassie Jephson', 'Tiger', '09/21/2009', '12/12/1990', 'F', 9, 3);
insert into ANIMAL (AnimalID, Name, Type, DateAquired, DateofBirth, Gender, ZoneID, Primary_Caregiver) values (74, 'Tabbie Elsmore', 'Lark', '12/27/2012', '01/23/2000', 'M', 7, 18);
insert into ANIMAL (AnimalID, Name, Type, DateAquired, DateofBirth, Gender, ZoneID, Primary_Caregiver) values (75, 'Graehme Hankinson', 'Bird', '11/09/2013', '05/21/2011', 'M', 9, 14);
insert into ANIMAL (AnimalID, Name, Type, DateAquired, DateofBirth, Gender, ZoneID, Primary_Caregiver) values (76, 'Olva Rodear', 'Mountain lion', '05/24/2003', '11/25/2011', 'F', 23, 18);
insert into ANIMAL (AnimalID, Name, Type, DateAquired, DateofBirth, Gender, ZoneID, Primary_Caregiver) values (77, 'Reeba O''Crotty', 'Common waterbuck', '01/27/2012', '07/21/2013', 'F', 25, 10);
insert into ANIMAL (AnimalID, Name, Type, DateAquired, DateofBirth, Gender, ZoneID, Primary_Caregiver) values (78, 'Ariel Hawkswood', 'Indian peacock', '07/19/2013', null, 'F', 12, 8);
insert into ANIMAL (AnimalID, Name, Type, DateAquired, DateofBirth, Gender, ZoneID, Primary_Caregiver) values (79, 'Orlan Bonehill', 'Alligator', '02/24/2003', '03/26/1995', 'M', 14, 1);
insert into ANIMAL (AnimalID, Name, Type, DateAquired, DateofBirth, Gender, ZoneID, Primary_Caregiver) values (80, 'Orlan Edscer', 'Bobcat', '08/14/2014', '04/04/2014', 'M', 9, 15);
insert into ANIMAL (AnimalID, Name, Type, DateAquired, DateofBirth, Gender, ZoneID, Primary_Caregiver) values (81, 'Aigneis Gaymar', 'Peregrine falcon', '03/14/2009', '09/20/2003', 'F', 2, 22);
insert into ANIMAL (AnimalID, Name, Type, DateAquired, DateofBirth, Gender, ZoneID, Primary_Caregiver) values (82, 'Ethyl Newlands', 'Cat', '12/20/2002', '02/13/1991', 'F', 24, 19);
insert into ANIMAL (AnimalID, Name, Type, DateAquired, DateofBirth, Gender, ZoneID, Primary_Caregiver) values (83, 'Bridgette Stuart', 'Cat', '03/15/2018', '02/22/2018', 'F', 14, 17);
insert into ANIMAL (AnimalID, Name, Type, DateAquired, DateofBirth, Gender, ZoneID, Primary_Caregiver) values (84, 'Benji Snowding', 'Urial', '05/30/2013', null, 'M', 2, 23);
insert into ANIMAL (AnimalID, Name, Type, DateAquired, DateofBirth, Gender, ZoneID, Primary_Caregiver) values (85, 'Llywellyn Pakes', 'Cat', '02/02/2017', null, 'M', 18, 16);
insert into ANIMAL (AnimalID, Name, Type, DateAquired, DateofBirth, Gender, ZoneID, Primary_Caregiver) values (86, 'Mozes Ranner', 'White-necked raven', '02/20/2015', '09/16/1993', 'M', 12, 6);
insert into ANIMAL (AnimalID, Name, Type, DateAquired, DateofBirth, Gender, ZoneID, Primary_Caregiver) values (87, 'Doris Raitt', 'Lizard', '06/20/2004', '04/03/2018', 'F', 19, 6);
insert into ANIMAL (AnimalID, Name, Type, DateAquired, DateofBirth, Gender, ZoneID, Primary_Caregiver) values (88, 'Denny Conry', 'Rhesus macaque', '04/29/2001', '05/25/1996', 'M', 2, 6);
insert into ANIMAL (AnimalID, Name, Type, DateAquired, DateofBirth, Gender, ZoneID, Primary_Caregiver) values (89, 'Harwilll Whitfield', 'Heron', '05/01/2002', null, 'M', 12, 12);
insert into ANIMAL (AnimalID, Name, Type, DateAquired, DateofBirth, Gender, ZoneID, Primary_Caregiver) values (90, 'Emili Rosel', 'Squirrel', '10/16/2000', '03/22/2010', 'F', 12, 21);
insert into ANIMAL (AnimalID, Name, Type, DateAquired, DateofBirth, Gender, ZoneID, Primary_Caregiver) values (91, 'Hakim Proudley', 'Red-breasted nuthatch', '08/29/2009', '01/29/2004', 'M', 3, 8);
insert into ANIMAL (AnimalID, Name, Type, DateAquired, DateofBirth, Gender, ZoneID, Primary_Caregiver) values (92, 'Ashton Bleazard', 'Tailless tenrec', '05/26/2006', '07/29/2004', 'M', 8, 10);
insert into ANIMAL (AnimalID, Name, Type, DateAquired, DateofBirth, Gender, ZoneID, Primary_Caregiver) values (93, 'Boyce Zorzin', 'Pied kingfisher', '01/08/2014', '01/09/2010', 'M', 5, 8);
insert into ANIMAL (AnimalID, Name, Type, DateAquired, DateofBirth, Gender, ZoneID, Primary_Caregiver) values (94, 'Mac Trusler', 'Bleeding heart monkey', '08/26/2003', '05/29/2006', 'M', 18, 6);
insert into ANIMAL (AnimalID, Name, Type, DateAquired, DateofBirth, Gender, ZoneID, Primary_Caregiver) values (95, 'Christa Coaker', 'Cat', '09/30/2005', null, 'F', 16, 6);
insert into ANIMAL (AnimalID, Name, Type, DateAquired, DateofBirth, Gender, ZoneID, Primary_Caregiver) values (96, 'Quill Turton', 'Rat', '10/29/2006', '10/06/1990', 'M', 2, 8);
insert into ANIMAL (AnimalID, Name, Type, DateAquired, DateofBirth, Gender, ZoneID, Primary_Caregiver) values (97, 'Daphene Hiscoe', 'Asian foreset tortoise', '10/13/2009', '05/16/2012', 'F', 20, 4);
insert into ANIMAL (AnimalID, Name, Type, DateAquired, DateofBirth, Gender, ZoneID, Primary_Caregiver) values (98, 'Jobina Doge', 'Lion', '11/03/2004', '02/03/2010', 'F', 5, 4);
insert into ANIMAL (AnimalID, Name, Type, DateAquired, DateofBirth, Gender, ZoneID, Primary_Caregiver) values (99, 'Tobin Humm', 'Long-billed cockatoo', '03/25/2009', null, 'M', 6, 14);
insert into ANIMAL (AnimalID, Name, Type, DateAquired, DateofBirth, Gender, ZoneID, Primary_Caregiver) values (100, 'Eugenius Fetteplace', 'Yellow mongoose', '08/10/2017', '01/15/1998', 'M', 22, 2);

insert into SHOW (ShowID, Name, Description, Capacity) values (1, 'Big Cat Keeper', 'Talk with an animal keeper who cares for the Zoos lions and tigers twice daily between the animal yards to the right of the carousel in Great Cats Circle.', 867);
insert into SHOW (ShowID, Name, Description, Capacity) values (2, 'Highlights Tour', 'Overview of the Zoo. 2 hour walking tour subject to volunteer availability. Groups larger than 10 people please call 202-633-3056.', 16);
insert into SHOW (ShowID, Name, Description, Capacity) values (3, 'Fish Feeding', '', 77);
insert into SHOW (ShowID, Name, Description, Capacity) values (4, 'Meet-a-Small Mammal', 'An animal keeper will introduce you to one of the Zoo''s small mammals like an armadillo or naked mole-rat.', 83);
insert into SHOW (ShowID, Name, Description, Capacity) values (5, 'Amazon Fish Feeding', 'Thousands of fish species live in the Amazon River Basin. Meet some of them during this feeding in Amazonia.', 570);
insert into SHOW (ShowID, Name, Description, Capacity) values (6, 'Andean Bear Keeper Chat', 'Talk with one of the animal keepers who cares for the Zoo''s Andean bears daily at 11 a.m. and 2 p.m. Andean bears are located between the Zoo''s Amazonia and American Trail exhibits.', 438);
insert into SHOW (ShowID, Name, Description, Capacity) values (7, 'Bird Banding Demonstration', 'Engage with a Smithsonian Migratory Bird Center scientist as they demonstrate how they band and study wild birds. This demo will take place on Wednesdays in front of the Zoo’s Amazonia exhibit.
Please note: This demo is subject to cancellations due to inclement weather, including cold temperatures, high winds and rain.', 86);
insert into SHOW (ShowID, Name, Description, Capacity) values (8, 'Elephant Keeper Talk', 'Learn all about Asian elephants and how animal care staff work with these four-ton animals!', 91);
insert into SHOW (ShowID, Name, Description, Capacity) values (9, 'Kids Farm Keeper Talk', 'Alpacas, donkeys, and goats-Oh My! Keepers will introduce you to one of the many furry or feathered residents of the Farm. This demonstration is weather dependent.', 37);
insert into SHOW (ShowID, Name, Description, Capacity) values (10, 'Meet-a-Reptile or Amphibian', 'Come meet a keeper at the Reptile Discovery Center and learn about one fascinating species they care for.', 40);
insert into SHOW (ShowID, Name, Description, Capacity) values (11, 'Red Panda or Giant Panda Keeper Talk', 'Come hear what it takes to look after the Zoos pandas from one of our animal keepers. This demonstration may take place at the red panda OR giant panda yards. Check the board at the entrance to Asia Trail for the exact location.', 50);
insert into SHOW (ShowID, Name, Description, Capacity) values (12, 'Seal or Sea Lion Demo', 'Watch as keeper staff train our seals or sea lions and learn more about these beautiful marine mammals!', 70);
insert into SHOW (ShowID, Name, Description, Capacity) values (13, 'Gorilla Keeper Talk', 'Learn about the fascinating world of apes. Look for an animal keeper outside by the gorilla yard or inside the Great Ape house to hear about our gorilla troops..', 90);
insert into SHOW (ShowID, Name, Description, Capacity) values (14, 'Meet-a-Zoo Nutritionist', 'Meet a Zoo Nutritionist and find out what it takes to feed and care for Zoo animals from Ants to Elephants.', 13);
insert into SHOW (ShowID, Name, Description, Capacity) values (15, 'Bird Keeper Chat', 'By 2021, the Zoo’s historic 1928 Bird House and the surrounding bird plateau will transform into Experience Migration, a first-of-its-kind attraction with almost 100 species of migratory birds integral to North, Central and South American ecosystems.
', 66);
insert into SHOW (ShowID, Name, Description, Capacity) values (16, 'Lion Training', 'This exciting experience puts you face-to-face with African lions. Watch how the keepers care for the lions during this narrated presentation. Predator Zone features a training area where zookeepers and visitors are on the same level as the animals. See behind-the-scenes training that the keepers conduct on a daily basis to care for the Zoo’s lions.', 80);
insert into SHOW (ShowID, Name, Description, Capacity) values (17, 'Komodo Dragon Feedings', '', 5);
insert into SHOW (ShowID, Name, Description, Capacity) values (18, 'Snake Feedings', '', 25);
insert into SHOW (ShowID, Name, Description, Capacity) values (19, 'Kiwanis Giraffe Encounter', 'Cost, $3.50 plus tax', 101);
insert into SHOW (ShowID, Name, Description, Capacity) values (20, 'Protective Life Carousel Rides', 'Take a spin on the Zoo’s animal-themed carousel. There are an array of animals to choose from – a giraffe, rhinoceros, gorilla, ', 74);
insert into SHOW (ShowID, Name, Description, Capacity) values (21, 'Bird Interaction', 'Interact with some feathered friends.  ', 76);
insert into SHOW (ShowID, Name, Description, Capacity) values (22, 'Amazing Animal Ambassadors', 'Come see our Amazing Animal Ambassadors as they show off their skills and talents to impress the judges, the audience!  Iguanas, snakes, goats, and birds are just some of the competitors you will see.', 19);
insert into SHOW (ShowID, Name, Description, Capacity) values (23, 'Wings of Wonder', 'Take flight with our Wings of Wonder (WOW) bird show! This powerful natural behavior bird show will bring you closer to our winged-friends and ignite the wondrous world of flight right in front of you and over you. The stars of the show are many and change daily with each show.', 59);
insert into SHOW (ShowID, Name, Description, Capacity) values (24, 'Sea Lion Splash', 'Our six sea lions will delight you with their playful antics each day! Join us for an educational and interactive show experience that will leave you cheering.', 61);
insert into SHOW (ShowID, Name, Description, Capacity) values (25, 'Meet the Keepers Series', 'Throughout the day, you are invited to selected animal exhibits to "Meet the Keeper." Through these informal programs you''ll learn about the animals in the wild.You''ll also learn how animals are cared for outside the wild and how keepers safely care for dangerous carnivores. Keepers also show how they care for both the animals physical and mental well-being through behavioral enrichment programs.You will discover how accredited zoos support the conservation of species for future generations both in and outside the wild.', 31);

insert into SHOW_HAS_ANIMALS (ShowID, AnimalID) values (22, 52);
insert into SHOW_HAS_ANIMALS (ShowID, AnimalID) values (2, 29);
insert into SHOW_HAS_ANIMALS (ShowID, AnimalID) values (2, 74);
insert into SHOW_HAS_ANIMALS (ShowID, AnimalID) values (19, 21);
insert into SHOW_HAS_ANIMALS (ShowID, AnimalID) values (1, 63);
insert into SHOW_HAS_ANIMALS (ShowID, AnimalID) values (18, 71);
insert into SHOW_HAS_ANIMALS (ShowID, AnimalID) values (19, 70);
insert into SHOW_HAS_ANIMALS (ShowID, AnimalID) values (2, 91);
insert into SHOW_HAS_ANIMALS (ShowID, AnimalID) values (10, 17);
insert into SHOW_HAS_ANIMALS (ShowID, AnimalID) values (12, 77);
insert into SHOW_HAS_ANIMALS (ShowID, AnimalID) values (13, 56);
insert into SHOW_HAS_ANIMALS (ShowID, AnimalID) values (17, 39);
insert into SHOW_HAS_ANIMALS (ShowID, AnimalID) values (25, 64);
insert into SHOW_HAS_ANIMALS (ShowID, AnimalID) values (7, 38);
insert into SHOW_HAS_ANIMALS (ShowID, AnimalID) values (17, 92);
insert into SHOW_HAS_ANIMALS (ShowID, AnimalID) values (21, 85);
insert into SHOW_HAS_ANIMALS (ShowID, AnimalID) values (24, 97);
insert into SHOW_HAS_ANIMALS (ShowID, AnimalID) values (6, 11);
insert into SHOW_HAS_ANIMALS (ShowID, AnimalID) values (23, 69);
insert into SHOW_HAS_ANIMALS (ShowID, AnimalID) values (25, 52);
insert into SHOW_HAS_ANIMALS (ShowID, AnimalID) values (21, 31);
insert into SHOW_HAS_ANIMALS (ShowID, AnimalID) values (2, 23);
insert into SHOW_HAS_ANIMALS (ShowID, AnimalID) values (11, 24);
insert into SHOW_HAS_ANIMALS (ShowID, AnimalID) values (17, 97);
insert into SHOW_HAS_ANIMALS (ShowID, AnimalID) values (4, 71);
insert into SHOW_HAS_ANIMALS (ShowID, AnimalID) values (22, 37);
insert into SHOW_HAS_ANIMALS (ShowID, AnimalID) values (17, 98);
insert into SHOW_HAS_ANIMALS (ShowID, AnimalID) values (15, 53);
insert into SHOW_HAS_ANIMALS (ShowID, AnimalID) values (12, 4);
insert into SHOW_HAS_ANIMALS (ShowID, AnimalID) values (15, 91);
insert into SHOW_HAS_ANIMALS (ShowID, AnimalID) values (15, 83);
insert into SHOW_HAS_ANIMALS (ShowID, AnimalID) values (1, 38);
insert into SHOW_HAS_ANIMALS (ShowID, AnimalID) values (23, 69);
insert into SHOW_HAS_ANIMALS (ShowID, AnimalID) values (12, 62);
insert into SHOW_HAS_ANIMALS (ShowID, AnimalID) values (5, 25);
insert into SHOW_HAS_ANIMALS (ShowID, AnimalID) values (24, 56);
insert into SHOW_HAS_ANIMALS (ShowID, AnimalID) values (25, 39);
insert into SHOW_HAS_ANIMALS (ShowID, AnimalID) values (9, 8);
insert into SHOW_HAS_ANIMALS (ShowID, AnimalID) values (24, 5);
insert into SHOW_HAS_ANIMALS (ShowID, AnimalID) values (20, 74);
insert into SHOW_HAS_ANIMALS (ShowID, AnimalID) values (17, 59);
insert into SHOW_HAS_ANIMALS (ShowID, AnimalID) values (20, 56);
insert into SHOW_HAS_ANIMALS (ShowID, AnimalID) values (4, 64);
insert into SHOW_HAS_ANIMALS (ShowID, AnimalID) values (17, 14);
insert into SHOW_HAS_ANIMALS (ShowID, AnimalID) values (19, 94);
insert into SHOW_HAS_ANIMALS (ShowID, AnimalID) values (16, 14);
insert into SHOW_HAS_ANIMALS (ShowID, AnimalID) values (21, 75);
insert into SHOW_HAS_ANIMALS (ShowID, AnimalID) values (1, 60);
insert into SHOW_HAS_ANIMALS (ShowID, AnimalID) values (7, 49);
insert into SHOW_HAS_ANIMALS (ShowID, AnimalID) values (13, 96);

insert into SHOW_HAS_STAFF (ShowID, StaffID) values (17, 31);
insert into SHOW_HAS_STAFF (ShowID, StaffID) values (4, 6);
insert into SHOW_HAS_STAFF (ShowID, StaffID) values (16, 24);
insert into SHOW_HAS_STAFF (ShowID, StaffID) values (14, 48);
insert into SHOW_HAS_STAFF (ShowID, StaffID) values (23, 25);
insert into SHOW_HAS_STAFF (ShowID, StaffID) values (15, 22);
insert into SHOW_HAS_STAFF (ShowID, StaffID) values (6, 6);
insert into SHOW_HAS_STAFF (ShowID, StaffID) values (16, 43);
insert into SHOW_HAS_STAFF (ShowID, StaffID) values (24, 50);
insert into SHOW_HAS_STAFF (ShowID, StaffID) values (8, 50);
insert into SHOW_HAS_STAFF (ShowID, StaffID) values (10, 3);
insert into SHOW_HAS_STAFF (ShowID, StaffID) values (6, 18);
insert into SHOW_HAS_STAFF (ShowID, StaffID) values (8, 20);
insert into SHOW_HAS_STAFF (ShowID, StaffID) values (20, 24);
insert into SHOW_HAS_STAFF (ShowID, StaffID) values (14, 21);
insert into SHOW_HAS_STAFF (ShowID, StaffID) values (3, 16);
insert into SHOW_HAS_STAFF (ShowID, StaffID) values (12, 16);
insert into SHOW_HAS_STAFF (ShowID, StaffID) values (15, 7);
insert into SHOW_HAS_STAFF (ShowID, StaffID) values (3, 13);
insert into SHOW_HAS_STAFF (ShowID, StaffID) values (7, 38);
insert into SHOW_HAS_STAFF (ShowID, StaffID) values (20, 32);
insert into SHOW_HAS_STAFF (ShowID, StaffID) values (5, 35);
insert into SHOW_HAS_STAFF (ShowID, StaffID) values (25, 8);
insert into SHOW_HAS_STAFF (ShowID, StaffID) values (7, 33);
insert into SHOW_HAS_STAFF (ShowID, StaffID) values (1, 33);
insert into SHOW_HAS_STAFF (ShowID, StaffID) values (24, 35);
insert into SHOW_HAS_STAFF (ShowID, StaffID) values (10, 6);
insert into SHOW_HAS_STAFF (ShowID, StaffID) values (6, 24);
insert into SHOW_HAS_STAFF (ShowID, StaffID) values (15, 25);
insert into SHOW_HAS_STAFF (ShowID, StaffID) values (24, 14);
insert into SHOW_HAS_STAFF (ShowID, StaffID) values (13, 18);
insert into SHOW_HAS_STAFF (ShowID, StaffID) values (1, 48);
insert into SHOW_HAS_STAFF (ShowID, StaffID) values (2, 14);
insert into SHOW_HAS_STAFF (ShowID, StaffID) values (14, 37);
insert into SHOW_HAS_STAFF (ShowID, StaffID) values (8, 14);
insert into SHOW_HAS_STAFF (ShowID, StaffID) values (15, 7);
insert into SHOW_HAS_STAFF (ShowID, StaffID) values (18, 45);
insert into SHOW_HAS_STAFF (ShowID, StaffID) values (5, 3);
insert into SHOW_HAS_STAFF (ShowID, StaffID) values (2, 42);
insert into SHOW_HAS_STAFF (ShowID, StaffID) values (8, 18);
insert into SHOW_HAS_STAFF (ShowID, StaffID) values (22, 13);
insert into SHOW_HAS_STAFF (ShowID, StaffID) values (14, 13);
insert into SHOW_HAS_STAFF (ShowID, StaffID) values (2, 9);
insert into SHOW_HAS_STAFF (ShowID, StaffID) values (18, 31);
insert into SHOW_HAS_STAFF (ShowID, StaffID) values (24, 18);
insert into SHOW_HAS_STAFF (ShowID, StaffID) values (8, 44);
insert into SHOW_HAS_STAFF (ShowID, StaffID) values (12, 9);
insert into SHOW_HAS_STAFF (ShowID, StaffID) values (3, 32);
insert into SHOW_HAS_STAFF (ShowID, StaffID) values (13, 21);
insert into SHOW_HAS_STAFF (ShowID, StaffID) values (4, 49);

insert into SHOP (shopid, name, description, opentime, closetime, supervisorid, ZoneID) values (1, 'Roar Store', 'Everything you need to start your day! Hats, sunglasses, sunscreen, and so much more.', '19:39', '20:28', 47, 19);
insert into SHOP (shopid, name, description, opentime, closetime, supervisorid, ZoneID) values (2, 'Front Street Photos', 'Visit our Front Street Photo location and pick up your souvenir photo, magnet, and CD!', '4:21', '18:47', 39, 14);
insert into SHOP (shopid, name, description, opentime, closetime, supervisorid, ZoneID) values (3, 'Kids Store', 'Kids apperal, toys, books, and more.', '5:52', '13:09', 5, 22);
insert into SHOP (shopid, name, description, opentime, closetime, supervisorid, ZoneID) values (4, 'Zoo Store', null, '10:26', '6:24', 8, 4);
insert into SHOP (shopid, name, description, opentime, closetime, supervisorid, ZoneID) values (5, 'Sydneys Shop', 'From the Land Down Under—exclusive koala and friends-themed gifts and souvenirs!', '3:34', '12:45', 14, 1);
insert into SHOP (shopid, name, description, opentime, closetime, supervisorid, ZoneID) values (6, 'Tusker Trunk', 'Elephant gifts by the trunkful!', '22:42', '9:35', 18, 20);
insert into SHOP (shopid, name, description, opentime, closetime, supervisorid, ZoneID) values (7, 'Panda Shop', 'All things panda—and MORE!', '5:50', '18:28', 9, 16);
insert into SHOP (shopid, name, description, opentime, closetime, supervisorid, ZoneID) values (8, 'Cafe', 'Quick bites and drinks', '15:34', '14:02', 47, 21);
insert into SHOP (shopid, name, description, opentime, closetime, supervisorid, ZoneID) values (9, 'Zoo Brew', 'Draft and bottled beer', '10:38', '20:14', 33, 12);
insert into SHOP (shopid, name, description, opentime, closetime, supervisorid, ZoneID) values (10, 'Forest Outpost', 'Fun and unusual items with an African theme.', '15:17', '16:06', 17, 12);
insert into SHOP (shopid, name, description, opentime, closetime, supervisorid, ZoneID) values (11, 'Arctic Trader', '“Cool” polar bear gifts and souvenirs!', '14:26', '15:22', 39, 23);
insert into SHOP (shopid, name, description, opentime, closetime, supervisorid, ZoneID) values (12, 'Poppy Patio', 'Variety of burgers, chicken sandwiches, chicken strip baskets, nachos, and Hebrew National All-Beef Hot Dogs.', '23:36', '7:27', 18, 21);
insert into SHOP (shopid, name, description, opentime, closetime, supervisorid, ZoneID) values (13, 'Safari Kitchen', 'Relax and enjoy a variety of gourmet burgers, chicken sandwiches, chicken strip baskets, and snack items.', '12:04', '23:28', 33, 13);
insert into SHOP (shopid, name, description, opentime, closetime, supervisorid, ZoneID) values (14, 'Sandwich Shop', 'Delicious, hearty meal', '23:10', '18:49', 18, 13);
insert into SHOP (shopid, name, description, opentime, closetime, supervisorid, ZoneID) values (15, 'Zoo Store', null, '8:10', '7:16', 11, 11);
insert into SHOP (shopid, name, description, opentime, closetime, supervisorid, ZoneID) values (16, 'Jungle Java', 'Coffee stop', '19:56', '23:24', 41, 14);
insert into SHOP (shopid, name, description, opentime, closetime, supervisorid, ZoneID) values (17, 'Treetop Cafe', 'Offers Italian cuisine and menu items including chicken parmesan, spaghetti and meatballs, chicken caesar wraps, meatball sandwiches, entree salads, and draft beer.', '9:50', '4:47', 33, 9);
insert into SHOP (shopid, name, description, opentime, closetime, supervisorid, ZoneID) values (18, 'Sabertooth Grill', 'Featuring fresh ingredients, the menu offers delicious entrees mindful of environmentally sensitive initiatives in support of the community, promoting sustainability.', '7:21', '19:33', 15, 23);
insert into SHOP (shopid, name, description, opentime, closetime, supervisorid, ZoneID) values (19, 'Ice Cream', null, '15:47', '14:49', 27, 21);
insert into SHOP (shopid, name, description, opentime, closetime, supervisorid, ZoneID) values (20, 'Bridge Snacks', 'Stop in with your mates to enjoy the shaded dining area while watching the koalas, giraffes, and rhino.', '0:21', '3:06', 16, 2);
insert into SHOP (shopid, name, description, opentime, closetime, supervisorid, ZoneID) values (21, 'Cafe', 'Quick bites and drinks', '20:13', '22:30', 44, 12);
insert into SHOP (shopid, name, description, opentime, closetime, supervisorid, ZoneID) values (22, 'Kids Store', 'Kids apperal, toys, books, and more.', '23:52', '5:16', 36, 10);
insert into SHOP (shopid, name, description, opentime, closetime, supervisorid, ZoneID) values (23, 'Sandwich Shop', 'Delicious, hearty meal', '16:37', '20:39', 3, 18);
insert into SHOP (shopid, name, description, opentime, closetime, supervisorid, ZoneID) values (24, 'Sabertooth Grill', 'Featuring fresh ingredients, the menu offers delicious entrees mindful of environmentally sensitive initiatives in support of the community, promoting sustainability.', '1:13', '6:48', 9, 10);
insert into SHOP (shopid, name, description, opentime, closetime, supervisorid, ZoneID) values (25, 'Ice Cream', null, '7:53', '4:30', 10, 1);
insert into SHOP (shopid, name, description, opentime, closetime, supervisorid, ZoneID) values (26, 'Cafe', 'Quick bites and drinks', '20:13', '19:52', 12, 17);
insert into SHOP (shopid, name, description, opentime, closetime, supervisorid, ZoneID) values (27, 'Zoo Store', null, '8:54', '8:12', 15, 8);
insert into SHOP (shopid, name, description, opentime, closetime, supervisorid, ZoneID) values (28, 'Zoo Brew', 'Draft and bottled beer', '18:51', '2:23', 10, 14);
insert into SHOP (shopid, name, description, opentime, closetime, supervisorid, ZoneID) values (29, 'Panda Pogoda', 'Corn dogs, egg rolls, craft beer, and popcorn.', '9:19', '17:33', 14, 25);
insert into SHOP (shopid, name, description, opentime, closetime, supervisorid, ZoneID) values (30, 'Sabertooth Grill', 'Featuring fresh ingredients, the menu offers delicious entrees mindful of environmentally sensitive initiatives in support of the community, promoting sustainability.', '11:51', '13:06', 4, 7);
insert into SHOP (shopid, name, description, opentime, closetime, supervisorid, ZoneID) values (31, 'Sandwich Shop', 'Delicious, hearty meal', '10:31', '17:18', 40, 13);
insert into SHOP (shopid, name, description, opentime, closetime, supervisorid, ZoneID) values (32, 'Jungle Java', 'Coffee stop', '8:34', '23:37', 38, 2);
insert into SHOP (shopid, name, description, opentime, closetime, supervisorid, ZoneID) values (33, 'Cafe', 'Quick bites and drinks', '16:51', '15:52', 22, 20);
insert into SHOP (shopid, name, description, opentime, closetime, supervisorid, ZoneID) values (34, 'Forest Outpost', 'n/a', '9:53', '7:56', 48, 23);
insert into SHOP (shopid, name, description, opentime, closetime, supervisorid, ZoneID) values (35, 'Ice Cream', null, '20:28', '8:54', 22, 21);
insert into SHOP (shopid, name, description, opentime, closetime, supervisorid, ZoneID) values (36, 'Pizza Hut', null, '3:57', '5:08', 30, 11);
insert into SHOP (shopid, name, description, opentime, closetime, supervisorid, ZoneID) values (37, 'Hua Mei Cafe', 'Variety of Asian favorites such as Orange Chicken, Teriyaki Chicken, and Peppered Beef Teriyaki—plus, Mandarin Orange Salad, Sriracha Tofu, Pineapple Teriyaki Chicken Sandwiches, Potstickers, Vegetable Egg Rolls, Edamame, and more.', '20:37', '7:20', 22, 2);
insert into SHOP (shopid, name, description, opentime, closetime, supervisorid, ZoneID) values (38, 'Ice Cream', null, '5:53', '15:36', 35, 8);
insert into SHOP (shopid, name, description, opentime, closetime, supervisorid, ZoneID) values (39, 'Zoo Brew', 'Draft and bottled beer', '6:45', '14:19', 25, 7);
insert into SHOP (shopid, name, description, opentime, closetime, supervisorid, ZoneID) values (40, 'Kids Store', 'Consumer', '23:40', '19:48', 48, 17);
insert into SHOP (shopid, name, description, opentime, closetime, supervisorid, ZoneID) values (41, 'Zoo Store', null, '12:36', '15:45', 32, 18);
insert into SHOP (shopid, name, description, opentime, closetime, supervisorid, ZoneID) values (42, 'Ice Cream', null, '7:09', '22:10', 35, 15);
insert into SHOP (shopid, name, description, opentime, closetime, supervisorid, ZoneID) values (43, 'Sandwich Shop', 'Delicious, hearty meal', '8:29', '23:29', 15, 14);
insert into SHOP (shopid, name, description, opentime, closetime, supervisorid, ZoneID) values (44, 'Sabertooth Grill', 'Featuring fresh ingredients, the menu offers delicious entrees mindful of environmentally sensitive initiatives in support of the community, promoting sustainability.', '8:49', '10:05', 13, 12);
insert into SHOP (shopid, name, description, opentime, closetime, supervisorid, ZoneID) values (45, 'Jungle Java', 'Coffee stop', '14:42', '1:22', 34, 5);
insert into SHOP (shopid, name, description, opentime, closetime, supervisorid, ZoneID) values (46, 'Cafe', 'Quick bites and drinks', '22:09', '1:43', 43, 3);
insert into SHOP (shopid, name, description, opentime, closetime, supervisorid, ZoneID) values (47, 'Kids Store', 'Kids apperal, toys, books, and more.', '2:03', '5:14', 38, 15);
insert into SHOP (shopid, name, description, opentime, closetime, supervisorid, ZoneID) values (48, 'Zoo Store', null, '12:02', '4:23', 7, 25);
insert into SHOP (shopid, name, description, opentime, closetime, supervisorid, ZoneID) values (49, 'Zoo Brew', 'Draft and bottled beer', '4:02', '0:21', 1, 21);
insert into SHOP (shopid, name, description, opentime, closetime, supervisorid, ZoneID) values (50, 'Cafe', 'Quick bites and drinks', '2:28', '10:26', 38, 24);

insert into SHOP_HAS_STAFF (ShopID, StaffID) values (8, 42);
insert into SHOP_HAS_STAFF (ShopID, StaffID) values (25, 37);
insert into SHOP_HAS_STAFF (ShopID, StaffID) values (13, 48);
insert into SHOP_HAS_STAFF (ShopID, StaffID) values (3, 28);
insert into SHOP_HAS_STAFF (ShopID, StaffID) values (16, 49);
insert into SHOP_HAS_STAFF (ShopID, StaffID) values (13, 48);
insert into SHOP_HAS_STAFF (ShopID, StaffID) values (20, 23);
insert into SHOP_HAS_STAFF (ShopID, StaffID) values (22, 45);
insert into SHOP_HAS_STAFF (ShopID, StaffID) values (13, 12);
insert into SHOP_HAS_STAFF (ShopID, StaffID) values (18, 3);
insert into SHOP_HAS_STAFF (ShopID, StaffID) values (21, 2);
insert into SHOP_HAS_STAFF (ShopID, StaffID) values (8, 8);
insert into SHOP_HAS_STAFF (ShopID, StaffID) values (25, 23);
insert into SHOP_HAS_STAFF (ShopID, StaffID) values (7, 22);
insert into SHOP_HAS_STAFF (ShopID, StaffID) values (1, 41);
insert into SHOP_HAS_STAFF (ShopID, StaffID) values (4, 45);
insert into SHOP_HAS_STAFF (ShopID, StaffID) values (3, 31);
insert into SHOP_HAS_STAFF (ShopID, StaffID) values (24, 37);
insert into SHOP_HAS_STAFF (ShopID, StaffID) values (19, 49);
insert into SHOP_HAS_STAFF (ShopID, StaffID) values (8, 44);
insert into SHOP_HAS_STAFF (ShopID, StaffID) values (7, 18);
insert into SHOP_HAS_STAFF (ShopID, StaffID) values (1, 9);
insert into SHOP_HAS_STAFF (ShopID, StaffID) values (22, 16);
insert into SHOP_HAS_STAFF (ShopID, StaffID) values (15, 20);
insert into SHOP_HAS_STAFF (ShopID, StaffID) values (14, 48);
insert into SHOP_HAS_STAFF (ShopID, StaffID) values (19, 16);
insert into SHOP_HAS_STAFF (ShopID, StaffID) values (15, 34);
insert into SHOP_HAS_STAFF (ShopID, StaffID) values (13, 46);
insert into SHOP_HAS_STAFF (ShopID, StaffID) values (11, 33);
insert into SHOP_HAS_STAFF (ShopID, StaffID) values (12, 5);
insert into SHOP_HAS_STAFF (ShopID, StaffID) values (10, 41);
insert into SHOP_HAS_STAFF (ShopID, StaffID) values (10, 44);
insert into SHOP_HAS_STAFF (ShopID, StaffID) values (23, 32);
insert into SHOP_HAS_STAFF (ShopID, StaffID) values (18, 10);
insert into SHOP_HAS_STAFF (ShopID, StaffID) values (16, 18);
insert into SHOP_HAS_STAFF (ShopID, StaffID) values (16, 18);
insert into SHOP_HAS_STAFF (ShopID, StaffID) values (14, 36);
insert into SHOP_HAS_STAFF (ShopID, StaffID) values (5, 50);
insert into SHOP_HAS_STAFF (ShopID, StaffID) values (4, 42);
insert into SHOP_HAS_STAFF (ShopID, StaffID) values (10, 23);
insert into SHOP_HAS_STAFF (ShopID, StaffID) values (17, 17);
insert into SHOP_HAS_STAFF (ShopID, StaffID) values (12, 25);
insert into SHOP_HAS_STAFF (ShopID, StaffID) values (3, 41);
insert into SHOP_HAS_STAFF (ShopID, StaffID) values (18, 6);
insert into SHOP_HAS_STAFF (ShopID, StaffID) values (21, 22);
insert into SHOP_HAS_STAFF (ShopID, StaffID) values (22, 27);
insert into SHOP_HAS_STAFF (ShopID, StaffID) values (14, 9);
insert into SHOP_HAS_STAFF (ShopID, StaffID) values (25, 15);
insert into SHOP_HAS_STAFF (ShopID, StaffID) values (7, 13);
insert into SHOP_HAS_STAFF (ShopID, StaffID) values (2, 18);
insert into SHOP_HAS_STAFF (ShopID, StaffID) values (21, 17);
insert into SHOP_HAS_STAFF (ShopID, StaffID) values (1, 44);
insert into SHOP_HAS_STAFF (ShopID, StaffID) values (17, 37);
insert into SHOP_HAS_STAFF (ShopID, StaffID) values (24, 47);
insert into SHOP_HAS_STAFF (ShopID, StaffID) values (12, 48);
insert into SHOP_HAS_STAFF (ShopID, StaffID) values (10, 28);
insert into SHOP_HAS_STAFF (ShopID, StaffID) values (24, 32);
insert into SHOP_HAS_STAFF (ShopID, StaffID) values (13, 42);
insert into SHOP_HAS_STAFF (ShopID, StaffID) values (12, 12);
insert into SHOP_HAS_STAFF (ShopID, StaffID) values (25, 28);
insert into SHOP_HAS_STAFF (ShopID, StaffID) values (12, 26);
insert into SHOP_HAS_STAFF (ShopID, StaffID) values (5, 41);
insert into SHOP_HAS_STAFF (ShopID, StaffID) values (13, 2);
insert into SHOP_HAS_STAFF (ShopID, StaffID) values (20, 2);
insert into SHOP_HAS_STAFF (ShopID, StaffID) values (3, 32);
insert into SHOP_HAS_STAFF (ShopID, StaffID) values (13, 3);
insert into SHOP_HAS_STAFF (ShopID, StaffID) values (14, 47);
insert into SHOP_HAS_STAFF (ShopID, StaffID) values (14, 35);
insert into SHOP_HAS_STAFF (ShopID, StaffID) values (25, 40);
insert into SHOP_HAS_STAFF (ShopID, StaffID) values (18, 42);
insert into SHOP_HAS_STAFF (ShopID, StaffID) values (3, 23);
insert into SHOP_HAS_STAFF (ShopID, StaffID) values (9, 28);
insert into SHOP_HAS_STAFF (ShopID, StaffID) values (10, 11);
insert into SHOP_HAS_STAFF (ShopID, StaffID) values (1, 11);
insert into SHOP_HAS_STAFF (ShopID, StaffID) values (4, 41);
insert into SHOP_HAS_STAFF (ShopID, StaffID) values (3, 27);
insert into SHOP_HAS_STAFF (ShopID, StaffID) values (1, 31);
insert into SHOP_HAS_STAFF (ShopID, StaffID) values (9, 19);
insert into SHOP_HAS_STAFF (ShopID, StaffID) values (14, 7);
insert into SHOP_HAS_STAFF (ShopID, StaffID) values (14, 7);
insert into SHOP_HAS_STAFF (ShopID, StaffID) values (9, 11);
insert into SHOP_HAS_STAFF (ShopID, StaffID) values (18, 9);
insert into SHOP_HAS_STAFF (ShopID, StaffID) values (20, 36);
insert into SHOP_HAS_STAFF (ShopID, StaffID) values (13, 32);
insert into SHOP_HAS_STAFF (ShopID, StaffID) values (7, 16);
insert into SHOP_HAS_STAFF (ShopID, StaffID) values (5, 49);
insert into SHOP_HAS_STAFF (ShopID, StaffID) values (18, 31);
insert into SHOP_HAS_STAFF (ShopID, StaffID) values (8, 8);
insert into SHOP_HAS_STAFF (ShopID, StaffID) values (13, 21);
insert into SHOP_HAS_STAFF (ShopID, StaffID) values (25, 37);
insert into SHOP_HAS_STAFF (ShopID, StaffID) values (18, 1);
insert into SHOP_HAS_STAFF (ShopID, StaffID) values (3, 33);
insert into SHOP_HAS_STAFF (ShopID, StaffID) values (4, 30);
insert into SHOP_HAS_STAFF (ShopID, StaffID) values (11, 10);
insert into SHOP_HAS_STAFF (ShopID, StaffID) values (2, 48);
insert into SHOP_HAS_STAFF (ShopID, StaffID) values (3, 21);
insert into SHOP_HAS_STAFF (ShopID, StaffID) values (17, 18);
insert into SHOP_HAS_STAFF (ShopID, StaffID) values (23, 48);
insert into SHOP_HAS_STAFF (ShopID, StaffID) values (14, 31);
insert into SHOP_HAS_STAFF (ShopID, StaffID) values (13, 8);
insert into SHOP_HAS_STAFF (ShopID, StaffID) values (10, 50);
insert into SHOP_HAS_STAFF (ShopID, StaffID) values (17, 50);
insert into SHOP_HAS_STAFF (ShopID, StaffID) values (6, 42);
insert into SHOP_HAS_STAFF (ShopID, StaffID) values (15, 7);
insert into SHOP_HAS_STAFF (ShopID, StaffID) values (11, 27);
insert into SHOP_HAS_STAFF (ShopID, StaffID) values (2, 5);
insert into SHOP_HAS_STAFF (ShopID, StaffID) values (16, 33);
insert into SHOP_HAS_STAFF (ShopID, StaffID) values (17, 50);
insert into SHOP_HAS_STAFF (ShopID, StaffID) values (25, 17);
insert into SHOP_HAS_STAFF (ShopID, StaffID) values (8, 12);
insert into SHOP_HAS_STAFF (ShopID, StaffID) values (25, 46);
insert into SHOP_HAS_STAFF (ShopID, StaffID) values (9, 9);
insert into SHOP_HAS_STAFF (ShopID, StaffID) values (17, 3);
insert into SHOP_HAS_STAFF (ShopID, StaffID) values (18, 40);
insert into SHOP_HAS_STAFF (ShopID, StaffID) values (18, 9);
insert into SHOP_HAS_STAFF (ShopID, StaffID) values (16, 30);
insert into SHOP_HAS_STAFF (ShopID, StaffID) values (21, 39);
insert into SHOP_HAS_STAFF (ShopID, StaffID) values (2, 26);
insert into SHOP_HAS_STAFF (ShopID, StaffID) values (2, 29);
insert into SHOP_HAS_STAFF (ShopID, StaffID) values (8, 33);
insert into SHOP_HAS_STAFF (ShopID, StaffID) values (10, 30);
insert into SHOP_HAS_STAFF (ShopID, StaffID) values (20, 2);
insert into SHOP_HAS_STAFF (ShopID, StaffID) values (24, 36);
insert into SHOP_HAS_STAFF (ShopID, StaffID) values (8, 9);
insert into SHOP_HAS_STAFF (ShopID, StaffID) values (2, 40);
insert into SHOP_HAS_STAFF (ShopID, StaffID) values (6, 48);
insert into SHOP_HAS_STAFF (ShopID, StaffID) values (24, 50);
insert into SHOP_HAS_STAFF (ShopID, StaffID) values (1, 39);
insert into SHOP_HAS_STAFF (ShopID, StaffID) values (25, 9);
insert into SHOP_HAS_STAFF (ShopID, StaffID) values (22, 35);
insert into SHOP_HAS_STAFF (ShopID, StaffID) values (23, 6);
insert into SHOP_HAS_STAFF (ShopID, StaffID) values (8, 9);
insert into SHOP_HAS_STAFF (ShopID, StaffID) values (2, 14);
insert into SHOP_HAS_STAFF (ShopID, StaffID) values (11, 6);
insert into SHOP_HAS_STAFF (ShopID, StaffID) values (5, 50);
insert into SHOP_HAS_STAFF (ShopID, StaffID) values (5, 36);
insert into SHOP_HAS_STAFF (ShopID, StaffID) values (14, 44);
insert into SHOP_HAS_STAFF (ShopID, StaffID) values (21, 4);
insert into SHOP_HAS_STAFF (ShopID, StaffID) values (7, 35);
insert into SHOP_HAS_STAFF (ShopID, StaffID) values (25, 19);
insert into SHOP_HAS_STAFF (ShopID, StaffID) values (19, 25);
insert into SHOP_HAS_STAFF (ShopID, StaffID) values (11, 45);
insert into SHOP_HAS_STAFF (ShopID, StaffID) values (19, 41);
insert into SHOP_HAS_STAFF (ShopID, StaffID) values (9, 8);
insert into SHOP_HAS_STAFF (ShopID, StaffID) values (15, 25);
insert into SHOP_HAS_STAFF (ShopID, StaffID) values (12, 10);
insert into SHOP_HAS_STAFF (ShopID, StaffID) values (14, 17);
insert into SHOP_HAS_STAFF (ShopID, StaffID) values (11, 24);
insert into SHOP_HAS_STAFF (ShopID, StaffID) values (7, 35);
insert into SHOP_HAS_STAFF (ShopID, StaffID) values (18, 6);


insert into ITEMS (itemid, name, description, cost, CurrentStock, RequiredStock, DateLastStocked) values (1, 'Soda', 'Sponsor of Coca Cola products.', '6.18', 5, 300, '2002-04-26');
insert into ITEMS (itemid, name, description, cost, CurrentStock, RequiredStock, DateLastStocked) values (2, 'Water', 'Finance', '4.85', 152, 51, '2004-06-13');
insert into ITEMS (itemid, name, description, cost, CurrentStock, RequiredStock, DateLastStocked) values (3, 'Ice cream', 'Hagan Das and Dippin Dots are both sold. Flavors are chocolate, vanilla, and strawberry.', '4.48', 119, 135, '2005-12-02');
insert into ITEMS (itemid, name, description, cost, CurrentStock, RequiredStock, DateLastStocked) values (4, 'Snow globes', null, '27.88', 4, 361, null);
insert into ITEMS (itemid, name, description, cost, CurrentStock, RequiredStock, DateLastStocked) values (5, 'Grabber/biter', null, '12.75', 16, 403, null);
insert into ITEMS (itemid, name, description, cost, CurrentStock, RequiredStock, DateLastStocked) values (6, 'Lollypop', null, '3.91', 119, 126, null);
insert into ITEMS (itemid, name, description, cost, CurrentStock, RequiredStock, DateLastStocked) values (7, 'Shot Glass', null, '10.29', 160, 172, '2016-03-04');
insert into ITEMS (itemid, name, description, cost, CurrentStock, RequiredStock, DateLastStocked) values (8, 'Sutffed Animal', 'Cute and cuddly plushie for kids and adults.', '14.82', 155, 467, '2003-08-27');
insert into ITEMS (itemid, name, description, cost, CurrentStock, RequiredStock, DateLastStocked) values (9, 'Sandwich', 'BLT, Turkey, Veggie, Meatball, Fried Chicken', '5.42', 169, 225, '2007-05-01');
insert into ITEMS (itemid, name, description, cost, CurrentStock, RequiredStock, DateLastStocked) values (10, 'Pizza', 'Pepperoni and cheese available.', '13.64', 106, 428, null);
insert into ITEMS (itemid, name, description, cost, CurrentStock, RequiredStock, DateLastStocked) values (11, 'T-Shirt', null, '26.30', 35, 466, null);
insert into ITEMS (itemid, name, description, cost, CurrentStock, RequiredStock, DateLastStocked) values (12, 'Photo', 'Photos of various animals or locations around the Zoo.', '7.74', 154, 187, null);
insert into ITEMS (itemid, name, description, cost, CurrentStock, RequiredStock, DateLastStocked) values (13, 'Magnet', 'Refridgerator magnets as well as photo frame magnets.', '8.12', 142, 256, '2010-08-13');
insert into ITEMS (itemid, name, description, cost, CurrentStock, RequiredStock, DateLastStocked) values (14, 'Pen', null, '2.87', 84, 423, null);
insert into ITEMS (itemid, name, description, cost, CurrentStock, RequiredStock, DateLastStocked) values (15, 'Lapel Pin', 'Pins feature animals that are found in the Zoo.', '6.00', 119, 71, '2007-07-03');
insert into ITEMS (itemid, name, description, cost, CurrentStock, RequiredStock, DateLastStocked) values (16, 'Camera', null, '34.85', 153, 305, '2013-06-06');
insert into ITEMS (itemid, name, description, cost, CurrentStock, RequiredStock, DateLastStocked) values (17, 'Long Sleeved Shirt', null, '30.36', 183, 90, null);
insert into ITEMS (itemid, name, description, cost, CurrentStock, RequiredStock, DateLastStocked) values (18, 'Kids T-Shirt', null, '22.37', 113, 498, null);
insert into ITEMS (itemid, name, description, cost, CurrentStock, RequiredStock, DateLastStocked) values (19, 'Hat', 'Cowboy style and baseball style available.', '19.17', 130, 250, '2009-12-29');
insert into ITEMS (itemid, name, description, cost, CurrentStock, RequiredStock, DateLastStocked) values (20, 'Postcard', null, '0.65', 144, 491, '2013-07-20');
insert into ITEMS (itemid, name, description, cost, CurrentStock, RequiredStock, DateLastStocked) values (21, 'Mousepad', null, '20.25', 75, 457, null);
insert into ITEMS (itemid, name, description, cost, CurrentStock, RequiredStock, DateLastStocked) values (22, 'Mug', null, '4.19', 76, 366, null);
insert into ITEMS (itemid, name, description, cost, CurrentStock, RequiredStock, DateLastStocked) values (23, 'Pint Glass', 'Features etching or colored decal of the Zoo name/logo or of an animal.', '17.04', 188, 207, null);
insert into ITEMS (itemid, name, description, cost, CurrentStock, RequiredStock, DateLastStocked) values (24, 'French Fries', 'Curly, Waffle, and Regular.', '8.72', 168, 319, null);
insert into ITEMS (itemid, name, description, cost, CurrentStock, RequiredStock, DateLastStocked) values (25, 'Hot Dog', 'Beef, Pork, Chicken, and tofu', '10.18', 9, 322, '2015-03-25');
insert into ITEMS (itemid, name, description, cost, CurrentStock, RequiredStock, DateLastStocked) values (26, 'Salad', 'Cobb, Italian, Mexican.', '8.91', 111, 82, null);
insert into ITEMS (itemid, name, description, cost, CurrentStock, RequiredStock, DateLastStocked) values (27, 'Beer', 'Bud Light, Sam Adams, Coors', '6.75', 120, 418, '2001-12-26');
insert into ITEMS (itemid, name, description, cost, CurrentStock, RequiredStock, DateLastStocked) values (28, 'Water Tube', null, '10.51', 92, 215, '2009-10-06');
insert into ITEMS (itemid, name, description, cost, CurrentStock, RequiredStock, DateLastStocked) values (29, 'Dinosaur', 'Plastic figures of various dinosaurs', '16.82', 173, 436, '2009-07-04');
insert into ITEMS (itemid, name, description, cost, CurrentStock, RequiredStock, DateLastStocked) values (30, 'Pencil', null, '1.31', 56, 41, '2010-07-06');
insert into ITEMS (itemid, name, description, cost, CurrentStock, RequiredStock, DateLastStocked) values (31, 'Pop Rocks', 'Candy', '2.48', 138, 5, null);
insert into ITEMS (itemid, name, description, cost, CurrentStock, RequiredStock, DateLastStocked) values (32, 'Fan', 'Handheld', '8.51', 150, 99, '2005-12-09');
insert into ITEMS (itemid, name, description, cost, CurrentStock, RequiredStock, DateLastStocked) values (33, 'Mister', 'Spray and mist oneself', '16.30', 146, 5, null);
insert into ITEMS (itemid, name, description, cost, CurrentStock, RequiredStock, DateLastStocked) values (34, 'Bottle Opener', null, '5.00', 126, 315, null);
insert into ITEMS (itemid, name, description, cost, CurrentStock, RequiredStock, DateLastStocked) values (35, 'Compact Mirror & Brush', null, '8.02', 2, 479, null);
insert into ITEMS (itemid, name, description, cost, CurrentStock, RequiredStock, DateLastStocked) values (36, 'Belt', 'For adults and kids.', '24.76', 160, 328, null);
insert into ITEMS (itemid, name, description, cost, CurrentStock, RequiredStock, DateLastStocked) values (37, 'Statue', 'Statue of an animal', '198.82', 38, 373, '2014-05-14');
insert into ITEMS (itemid, name, description, cost, CurrentStock, RequiredStock, DateLastStocked) values (38, 'Sunscreen', 'SPF 10-100 available.', '6.88', 104, 428, null);
insert into ITEMS (itemid, name, description, cost, CurrentStock, RequiredStock, DateLastStocked) values (39, 'Umbrella', null, '15.39', 142, 94, '2002-11-14');
insert into ITEMS (itemid, name, description, cost, CurrentStock, RequiredStock, DateLastStocked) values (40, 'Chapstick', null, '1.15', 93, 93, null);
insert into ITEMS (itemid, name, description, cost, CurrentStock, RequiredStock, DateLastStocked) values (41, 'Chicken & Waffles', 'Belgian style waffles topped with a piece of fried chicken', '17.09', 42, 209, null);
insert into ITEMS (itemid, name, description, cost, CurrentStock, RequiredStock, DateLastStocked) values (42, 'Bouncy Ball', null, '2.87', 152, 497, '2012-12-17');
insert into ITEMS (itemid, name, description, cost, CurrentStock, RequiredStock, DateLastStocked) values (43, 'Tater Tots', null, '5.46', 60, 273, '2015-08-26');
insert into ITEMS (itemid, name, description, cost, CurrentStock, RequiredStock, DateLastStocked) values (44, 'Ring', null, '13.08', 117, 450, null);
insert into ITEMS (itemid, name, description, cost, CurrentStock, RequiredStock, DateLastStocked) values (45, 'Safari Hat', null, '22.36', 15, 384, null);
insert into ITEMS (itemid, name, description, cost, CurrentStock, RequiredStock, DateLastStocked) values (46, 'Souvenir Penny', null, '1.00', 86, 28, '2011-06-06');
insert into ITEMS (itemid, name, description, cost, CurrentStock, RequiredStock, DateLastStocked) values (47, 'Book', 'Various books about nature, wildlife, the zoo, animals, and caretaking.', '25.84', 172, 292, null);
insert into ITEMS (itemid, name, description, cost, CurrentStock, RequiredStock, DateLastStocked) values (48, 'Slippers', null, '16.87', 108, 304, '2013-12-22');
insert into ITEMS (itemid, name, description, cost, CurrentStock, RequiredStock, DateLastStocked) values (49, 'Binoculars', null, '15.94', 190, 84, null);
insert into ITEMS (itemid, name, description, cost, CurrentStock, RequiredStock, DateLastStocked) values (50, 'Bag', 'Backpack', '35.36', 148, 360, '2000-10-09');

insert into SHOP_HAS_ITEMS (ShopID, ItemID) values (16, 50);
insert into SHOP_HAS_ITEMS (ShopID, ItemID) values (15, 13);
insert into SHOP_HAS_ITEMS (ShopID, ItemID) values (6, 2);
insert into SHOP_HAS_ITEMS (ShopID, ItemID) values (24, 46);
insert into SHOP_HAS_ITEMS (ShopID, ItemID) values (10, 23);
insert into SHOP_HAS_ITEMS (ShopID, ItemID) values (3, 29);
insert into SHOP_HAS_ITEMS (ShopID, ItemID) values (1, 37);
insert into SHOP_HAS_ITEMS (ShopID, ItemID) values (20, 27);
insert into SHOP_HAS_ITEMS (ShopID, ItemID) values (3, 22);
insert into SHOP_HAS_ITEMS (ShopID, ItemID) values (19, 8);
insert into SHOP_HAS_ITEMS (ShopID, ItemID) values (17, 32);
insert into SHOP_HAS_ITEMS (ShopID, ItemID) values (16, 34);
insert into SHOP_HAS_ITEMS (ShopID, ItemID) values (24, 40);
insert into SHOP_HAS_ITEMS (ShopID, ItemID) values (23, 6);
insert into SHOP_HAS_ITEMS (ShopID, ItemID) values (14, 39);
insert into SHOP_HAS_ITEMS (ShopID, ItemID) values (11, 7);
insert into SHOP_HAS_ITEMS (ShopID, ItemID) values (1, 36);
insert into SHOP_HAS_ITEMS (ShopID, ItemID) values (13, 6);
insert into SHOP_HAS_ITEMS (ShopID, ItemID) values (6, 21);
insert into SHOP_HAS_ITEMS (ShopID, ItemID) values (17, 32);
insert into SHOP_HAS_ITEMS (ShopID, ItemID) values (17, 3);
insert into SHOP_HAS_ITEMS (ShopID, ItemID) values (10, 35);
insert into SHOP_HAS_ITEMS (ShopID, ItemID) values (6, 9);
insert into SHOP_HAS_ITEMS (ShopID, ItemID) values (23, 21);
insert into SHOP_HAS_ITEMS (ShopID, ItemID) values (24, 43);
insert into SHOP_HAS_ITEMS (ShopID, ItemID) values (23, 1);
insert into SHOP_HAS_ITEMS (ShopID, ItemID) values (7, 17);
insert into SHOP_HAS_ITEMS (ShopID, ItemID) values (22, 9);
insert into SHOP_HAS_ITEMS (ShopID, ItemID) values (14, 5);
insert into SHOP_HAS_ITEMS (ShopID, ItemID) values (18, 6);
insert into SHOP_HAS_ITEMS (ShopID, ItemID) values (23, 8);
insert into SHOP_HAS_ITEMS (ShopID, ItemID) values (10, 15);
insert into SHOP_HAS_ITEMS (ShopID, ItemID) values (19, 8);
insert into SHOP_HAS_ITEMS (ShopID, ItemID) values (20, 9);
insert into SHOP_HAS_ITEMS (ShopID, ItemID) values (16, 7);
insert into SHOP_HAS_ITEMS (ShopID, ItemID) values (21, 7);
insert into SHOP_HAS_ITEMS (ShopID, ItemID) values (6, 8);
insert into SHOP_HAS_ITEMS (ShopID, ItemID) values (25, 36);
insert into SHOP_HAS_ITEMS (ShopID, ItemID) values (20, 11);
insert into SHOP_HAS_ITEMS (ShopID, ItemID) values (25, 15);
insert into SHOP_HAS_ITEMS (ShopID, ItemID) values (18, 2);
insert into SHOP_HAS_ITEMS (ShopID, ItemID) values (21, 9);
insert into SHOP_HAS_ITEMS (ShopID, ItemID) values (14, 28);
insert into SHOP_HAS_ITEMS (ShopID, ItemID) values (7, 26);
insert into SHOP_HAS_ITEMS (ShopID, ItemID) values (13, 6);
insert into SHOP_HAS_ITEMS (ShopID, ItemID) values (21, 8);
insert into SHOP_HAS_ITEMS (ShopID, ItemID) values (15, 10);
insert into SHOP_HAS_ITEMS (ShopID, ItemID) values (2, 1);
insert into SHOP_HAS_ITEMS (ShopID, ItemID) values (21, 2);
insert into SHOP_HAS_ITEMS (ShopID, ItemID) values (6, 47);
insert into SHOP_HAS_ITEMS (ShopID, ItemID) values (23, 48);
insert into SHOP_HAS_ITEMS (ShopID, ItemID) values (12, 13);
insert into SHOP_HAS_ITEMS (ShopID, ItemID) values (2, 6);
insert into SHOP_HAS_ITEMS (ShopID, ItemID) values (17, 49);
insert into SHOP_HAS_ITEMS (ShopID, ItemID) values (15, 6);
insert into SHOP_HAS_ITEMS (ShopID, ItemID) values (13, 5);
insert into SHOP_HAS_ITEMS (ShopID, ItemID) values (8, 9);
insert into SHOP_HAS_ITEMS (ShopID, ItemID) values (1, 1);
insert into SHOP_HAS_ITEMS (ShopID, ItemID) values (19, 9);
insert into SHOP_HAS_ITEMS (ShopID, ItemID) values (10, 5);
insert into SHOP_HAS_ITEMS (ShopID, ItemID) values (8, 7);
insert into SHOP_HAS_ITEMS (ShopID, ItemID) values (12, 6);
insert into SHOP_HAS_ITEMS (ShopID, ItemID) values (3, 33);
insert into SHOP_HAS_ITEMS (ShopID, ItemID) values (6, 3);
insert into SHOP_HAS_ITEMS (ShopID, ItemID) values (12, 10);
insert into SHOP_HAS_ITEMS (ShopID, ItemID) values (14, 5);
insert into SHOP_HAS_ITEMS (ShopID, ItemID) values (6, 5);
insert into SHOP_HAS_ITEMS (ShopID, ItemID) values (18, 9);
insert into SHOP_HAS_ITEMS (ShopID, ItemID) values (7, 5);
insert into SHOP_HAS_ITEMS (ShopID, ItemID) values (3, 18);
insert into SHOP_HAS_ITEMS (ShopID, ItemID) values (13, 47);
insert into SHOP_HAS_ITEMS (ShopID, ItemID) values (14, 29);
insert into SHOP_HAS_ITEMS (ShopID, ItemID) values (12, 8);
insert into SHOP_HAS_ITEMS (ShopID, ItemID) values (16, 3);
insert into SHOP_HAS_ITEMS (ShopID, ItemID) values (15, 9);
insert into SHOP_HAS_ITEMS (ShopID, ItemID) values (11, 13);
insert into SHOP_HAS_ITEMS (ShopID, ItemID) values (7, 28);
insert into SHOP_HAS_ITEMS (ShopID, ItemID) values (13, 4);
insert into SHOP_HAS_ITEMS (ShopID, ItemID) values (25, 9);
insert into SHOP_HAS_ITEMS (ShopID, ItemID) values (23, 41);
insert into SHOP_HAS_ITEMS (ShopID, ItemID) values (1, 9);
insert into SHOP_HAS_ITEMS (ShopID, ItemID) values (23, 3);
insert into SHOP_HAS_ITEMS (ShopID, ItemID) values (25, 6);
insert into SHOP_HAS_ITEMS (ShopID, ItemID) values (5, 13);
insert into SHOP_HAS_ITEMS (ShopID, ItemID) values (3, 50);
insert into SHOP_HAS_ITEMS (ShopID, ItemID) values (15, 5);
insert into SHOP_HAS_ITEMS (ShopID, ItemID) values (5, 25);
insert into SHOP_HAS_ITEMS (ShopID, ItemID) values (10, 9);
insert into SHOP_HAS_ITEMS (ShopID, ItemID) values (17, 50);
insert into SHOP_HAS_ITEMS (ShopID, ItemID) values (16, 3);
insert into SHOP_HAS_ITEMS (ShopID, ItemID) values (18, 32);
insert into SHOP_HAS_ITEMS (ShopID, ItemID) values (20, 6);
insert into SHOP_HAS_ITEMS (ShopID, ItemID) values (15, 6);
insert into SHOP_HAS_ITEMS (ShopID, ItemID) values (6, 45);
insert into SHOP_HAS_ITEMS (ShopID, ItemID) values (23, 38);
insert into SHOP_HAS_ITEMS (ShopID, ItemID) values (21, 3);
insert into SHOP_HAS_ITEMS (ShopID, ItemID) values (13, 18);
insert into SHOP_HAS_ITEMS (ShopID, ItemID) values (13, 44);
insert into SHOP_HAS_ITEMS (ShopID, ItemID) values (21, 32);
insert into SHOP_HAS_ITEMS (ShopID, ItemID) values (23, 29);
insert into SHOP_HAS_ITEMS (ShopID, ItemID) values (4, 6);
insert into SHOP_HAS_ITEMS (ShopID, ItemID) values (16, 29);
insert into SHOP_HAS_ITEMS (ShopID, ItemID) values (13, 6);
insert into SHOP_HAS_ITEMS (ShopID, ItemID) values (9, 22);
insert into SHOP_HAS_ITEMS (ShopID, ItemID) values (1, 10);
insert into SHOP_HAS_ITEMS (ShopID, ItemID) values (1, 18);
insert into SHOP_HAS_ITEMS (ShopID, ItemID) values (24, 5);
insert into SHOP_HAS_ITEMS (ShopID, ItemID) values (18, 2);
insert into SHOP_HAS_ITEMS (ShopID, ItemID) values (5, 7);
insert into SHOP_HAS_ITEMS (ShopID, ItemID) values (25, 36);
insert into SHOP_HAS_ITEMS (ShopID, ItemID) values (13, 38);
insert into SHOP_HAS_ITEMS (ShopID, ItemID) values (8, 40);
insert into SHOP_HAS_ITEMS (ShopID, ItemID) values (15, 8);
insert into SHOP_HAS_ITEMS (ShopID, ItemID) values (12, 22);
insert into SHOP_HAS_ITEMS (ShopID, ItemID) values (22, 31);
insert into SHOP_HAS_ITEMS (ShopID, ItemID) values (10, 16);
insert into SHOP_HAS_ITEMS (ShopID, ItemID) values (23, 30);
insert into SHOP_HAS_ITEMS (ShopID, ItemID) values (25, 25);
insert into SHOP_HAS_ITEMS (ShopID, ItemID) values (7, 48);
insert into SHOP_HAS_ITEMS (ShopID, ItemID) values (24, 44);
insert into SHOP_HAS_ITEMS (ShopID, ItemID) values (22, 5);
insert into SHOP_HAS_ITEMS (ShopID, ItemID) values (20, 6);
insert into SHOP_HAS_ITEMS (ShopID, ItemID) values (2, 49);
insert into SHOP_HAS_ITEMS (ShopID, ItemID) values (18, 6);
insert into SHOP_HAS_ITEMS (ShopID, ItemID) values (21, 21);
insert into SHOP_HAS_ITEMS (ShopID, ItemID) values (11, 46);
insert into SHOP_HAS_ITEMS (ShopID, ItemID) values (22, 49);
insert into SHOP_HAS_ITEMS (ShopID, ItemID) values (12, 6);
insert into SHOP_HAS_ITEMS (ShopID, ItemID) values (11, 28);
insert into SHOP_HAS_ITEMS (ShopID, ItemID) values (20, 8);
insert into SHOP_HAS_ITEMS (ShopID, ItemID) values (16, 7);
insert into SHOP_HAS_ITEMS (ShopID, ItemID) values (18, 34);
insert into SHOP_HAS_ITEMS (ShopID, ItemID) values (15, 5);
insert into SHOP_HAS_ITEMS (ShopID, ItemID) values (14, 24);
insert into SHOP_HAS_ITEMS (ShopID, ItemID) values (17, 8);
insert into SHOP_HAS_ITEMS (ShopID, ItemID) values (9, 9);
insert into SHOP_HAS_ITEMS (ShopID, ItemID) values (23, 7);
insert into SHOP_HAS_ITEMS (ShopID, ItemID) values (24, 44);

insert into CATEGORY (CategoryID, Name) values (1, 'Books');
insert into CATEGORY (CategoryID, Name) values (2, 'Electronics');
insert into CATEGORY (CategoryID, Name) values (3, 'Beauty');
insert into CATEGORY (CategoryID, Name) values (4, 'Video');
insert into CATEGORY (CategoryID, Name) values (5, 'Kids');
insert into CATEGORY (CategoryID, Name) values (6, 'Miscellaneous');
insert into CATEGORY (CategoryID, Name) values (7, 'Garden');
insert into CATEGORY (CategoryID, Name) values (8, 'Sports');
insert into CATEGORY (CategoryID, Name) values (9, 'Food');
insert into CATEGORY (CategoryID, Name) values (10, 'Home');
insert into CATEGORY (CategoryID, Name) values (11, 'Baby');
insert into CATEGORY (CategoryID, Name) values (12, 'Shoes');
insert into CATEGORY (CategoryID, Name) values (13, 'Jewelery');
insert into CATEGORY (CategoryID, Name) values (14, 'Music');
insert into CATEGORY (CategoryID, Name) values (15, 'Grocery');
insert into CATEGORY (CategoryID, Name) values (16, 'Health');
insert into CATEGORY (CategoryID, Name) values (17, 'Outdoors');
insert into CATEGORY (CategoryID, Name) values (18, 'Clothing');
insert into CATEGORY (CategoryID, Name) values (19, 'Toys');
insert into CATEGORY (CategoryID, Name) values (20, 'Games');

insert into ITEM_HAS_CATEGORIES (ItemID, CategoryID) values (18, 16);
insert into ITEM_HAS_CATEGORIES (ItemID, CategoryID) values (14, 13);
insert into ITEM_HAS_CATEGORIES (ItemID, CategoryID) values (22, 11);
insert into ITEM_HAS_CATEGORIES (ItemID, CategoryID) values (5, 2);
insert into ITEM_HAS_CATEGORIES (ItemID, CategoryID) values (40, 3);
insert into ITEM_HAS_CATEGORIES (ItemID, CategoryID) values (47, 4);
insert into ITEM_HAS_CATEGORIES (ItemID, CategoryID) values (10, 8);
insert into ITEM_HAS_CATEGORIES (ItemID, CategoryID) values (39, 9);
insert into ITEM_HAS_CATEGORIES (ItemID, CategoryID) values (20, 11);
insert into ITEM_HAS_CATEGORIES (ItemID, CategoryID) values (3, 2);
insert into ITEM_HAS_CATEGORIES (ItemID, CategoryID) values (25, 16);
insert into ITEM_HAS_CATEGORIES (ItemID, CategoryID) values (11, 5);
insert into ITEM_HAS_CATEGORIES (ItemID, CategoryID) values (27, 10);
insert into ITEM_HAS_CATEGORIES (ItemID, CategoryID) values (50, 15);
insert into ITEM_HAS_CATEGORIES (ItemID, CategoryID) values (6, 16);
insert into ITEM_HAS_CATEGORIES (ItemID, CategoryID) values (18, 2);
insert into ITEM_HAS_CATEGORIES (ItemID, CategoryID) values (34, 1);
insert into ITEM_HAS_CATEGORIES (ItemID, CategoryID) values (6, 18);
insert into ITEM_HAS_CATEGORIES (ItemID, CategoryID) values (13, 1);
insert into ITEM_HAS_CATEGORIES (ItemID, CategoryID) values (29, 17);
insert into ITEM_HAS_CATEGORIES (ItemID, CategoryID) values (32, 9);
insert into ITEM_HAS_CATEGORIES (ItemID, CategoryID) values (4, 19);
insert into ITEM_HAS_CATEGORIES (ItemID, CategoryID) values (20, 6);
insert into ITEM_HAS_CATEGORIES (ItemID, CategoryID) values (21, 18);
insert into ITEM_HAS_CATEGORIES (ItemID, CategoryID) values (25, 17);
insert into ITEM_HAS_CATEGORIES (ItemID, CategoryID) values (13, 12);
insert into ITEM_HAS_CATEGORIES (ItemID, CategoryID) values (2, 13);
insert into ITEM_HAS_CATEGORIES (ItemID, CategoryID) values (13, 12);
insert into ITEM_HAS_CATEGORIES (ItemID, CategoryID) values (5, 1);
insert into ITEM_HAS_CATEGORIES (ItemID, CategoryID) values (21, 11);
insert into ITEM_HAS_CATEGORIES (ItemID, CategoryID) values (9, 16);
insert into ITEM_HAS_CATEGORIES (ItemID, CategoryID) values (26, 13);
insert into ITEM_HAS_CATEGORIES (ItemID, CategoryID) values (28, 18);
insert into ITEM_HAS_CATEGORIES (ItemID, CategoryID) values (44, 11);
insert into ITEM_HAS_CATEGORIES (ItemID, CategoryID) values (42, 3);
insert into ITEM_HAS_CATEGORIES (ItemID, CategoryID) values (46, 10);
insert into ITEM_HAS_CATEGORIES (ItemID, CategoryID) values (41, 5);
insert into ITEM_HAS_CATEGORIES (ItemID, CategoryID) values (50, 13);
insert into ITEM_HAS_CATEGORIES (ItemID, CategoryID) values (26, 14);
insert into ITEM_HAS_CATEGORIES (ItemID, CategoryID) values (20, 16);
insert into ITEM_HAS_CATEGORIES (ItemID, CategoryID) values (38, 8);
insert into ITEM_HAS_CATEGORIES (ItemID, CategoryID) values (4, 12);
insert into ITEM_HAS_CATEGORIES (ItemID, CategoryID) values (32, 19);
insert into ITEM_HAS_CATEGORIES (ItemID, CategoryID) values (35, 2);
insert into ITEM_HAS_CATEGORIES (ItemID, CategoryID) values (16, 1);
insert into ITEM_HAS_CATEGORIES (ItemID, CategoryID) values (48, 3);
insert into ITEM_HAS_CATEGORIES (ItemID, CategoryID) values (26, 14);
insert into ITEM_HAS_CATEGORIES (ItemID, CategoryID) values (15, 16);
insert into ITEM_HAS_CATEGORIES (ItemID, CategoryID) values (16, 11);
insert into ITEM_HAS_CATEGORIES (ItemID, CategoryID) values (6, 19);
insert into ITEM_HAS_CATEGORIES (ItemID, CategoryID) values (14, 2);
insert into ITEM_HAS_CATEGORIES (ItemID, CategoryID) values (2, 2);
insert into ITEM_HAS_CATEGORIES (ItemID, CategoryID) values (14, 17);
insert into ITEM_HAS_CATEGORIES (ItemID, CategoryID) values (16, 13);
insert into ITEM_HAS_CATEGORIES (ItemID, CategoryID) values (43, 17);
insert into ITEM_HAS_CATEGORIES (ItemID, CategoryID) values (28, 7);
insert into ITEM_HAS_CATEGORIES (ItemID, CategoryID) values (42, 13);
insert into ITEM_HAS_CATEGORIES (ItemID, CategoryID) values (7, 6);
insert into ITEM_HAS_CATEGORIES (ItemID, CategoryID) values (4, 16);
insert into ITEM_HAS_CATEGORIES (ItemID, CategoryID) values (16, 13);
insert into ITEM_HAS_CATEGORIES (ItemID, CategoryID) values (11, 20);
insert into ITEM_HAS_CATEGORIES (ItemID, CategoryID) values (22, 14);
insert into ITEM_HAS_CATEGORIES (ItemID, CategoryID) values (40, 13);
insert into ITEM_HAS_CATEGORIES (ItemID, CategoryID) values (26, 14);
insert into ITEM_HAS_CATEGORIES (ItemID, CategoryID) values (50, 10);
insert into ITEM_HAS_CATEGORIES (ItemID, CategoryID) values (45, 1);
insert into ITEM_HAS_CATEGORIES (ItemID, CategoryID) values (10, 13);
insert into ITEM_HAS_CATEGORIES (ItemID, CategoryID) values (18, 18);
insert into ITEM_HAS_CATEGORIES (ItemID, CategoryID) values (34, 14);
insert into ITEM_HAS_CATEGORIES (ItemID, CategoryID) values (22, 12);
insert into ITEM_HAS_CATEGORIES (ItemID, CategoryID) values (18, 15);
insert into ITEM_HAS_CATEGORIES (ItemID, CategoryID) values (34, 17);
insert into ITEM_HAS_CATEGORIES (ItemID, CategoryID) values (13, 1);
insert into ITEM_HAS_CATEGORIES (ItemID, CategoryID) values (22, 11);
insert into ITEM_HAS_CATEGORIES (ItemID, CategoryID) values (50, 2);
insert into ITEM_HAS_CATEGORIES (ItemID, CategoryID) values (41, 14);
insert into ITEM_HAS_CATEGORIES (ItemID, CategoryID) values (41, 8);
insert into ITEM_HAS_CATEGORIES (ItemID, CategoryID) values (30, 14);
insert into ITEM_HAS_CATEGORIES (ItemID, CategoryID) values (31, 7);
insert into ITEM_HAS_CATEGORIES (ItemID, CategoryID) values (6, 4);
insert into ITEM_HAS_CATEGORIES (ItemID, CategoryID) values (8, 10);
insert into ITEM_HAS_CATEGORIES (ItemID, CategoryID) values (18, 2);
insert into ITEM_HAS_CATEGORIES (ItemID, CategoryID) values (12, 3);
insert into ITEM_HAS_CATEGORIES (ItemID, CategoryID) values (28, 4);
insert into ITEM_HAS_CATEGORIES (ItemID, CategoryID) values (11, 9);
insert into ITEM_HAS_CATEGORIES (ItemID, CategoryID) values (44, 4);
insert into ITEM_HAS_CATEGORIES (ItemID, CategoryID) values (42, 6);
insert into ITEM_HAS_CATEGORIES (ItemID, CategoryID) values (25, 6);
insert into ITEM_HAS_CATEGORIES (ItemID, CategoryID) values (4, 9);
insert into ITEM_HAS_CATEGORIES (ItemID, CategoryID) values (22, 1);
insert into ITEM_HAS_CATEGORIES (ItemID, CategoryID) values (43, 20);
insert into ITEM_HAS_CATEGORIES (ItemID, CategoryID) values (16, 16);
insert into ITEM_HAS_CATEGORIES (ItemID, CategoryID) values (48, 14);
insert into ITEM_HAS_CATEGORIES (ItemID, CategoryID) values (39, 19);
insert into ITEM_HAS_CATEGORIES (ItemID, CategoryID) values (23, 1);
insert into ITEM_HAS_CATEGORIES (ItemID, CategoryID) values (29, 10);
insert into ITEM_HAS_CATEGORIES (ItemID, CategoryID) values (47, 15);
insert into ITEM_HAS_CATEGORIES (ItemID, CategoryID) values (28, 9);
insert into ITEM_HAS_CATEGORIES (ItemID, CategoryID) values (19, 8);
insert into ITEM_HAS_CATEGORIES (ItemID, CategoryID) values (26, 19);


UPDATE STAFF SET (DepartmentID, SupervisorID) = (10, null) WHERE STAFFID = 1;
UPDATE STAFF SET (DepartmentID, SupervisorID) = (8, 42) WHERE STAFFID = 2;
UPDATE STAFF SET (DepartmentID, SupervisorID) = (2, 50) WHERE STAFFID = 3;
UPDATE STAFF SET (DepartmentID, SupervisorID) = (6, 37) WHERE STAFFID = 4;
UPDATE STAFF SET (DepartmentID, SupervisorID) = (6, null) WHERE STAFFID = 5;
UPDATE STAFF SET (DepartmentID, SupervisorID) = (7, null) WHERE STAFFID = 6;
UPDATE STAFF SET (DepartmentID, SupervisorID) = (7, 16) WHERE STAFFID = 7;
UPDATE STAFF SET (DepartmentID, SupervisorID) = (7, 21) WHERE STAFFID = 8;
UPDATE STAFF SET (DepartmentID, SupervisorID) = (2, 50) WHERE STAFFID = 9;
UPDATE STAFF SET (DepartmentID, SupervisorID) = (5, 3) WHERE STAFFID = 10;
UPDATE STAFF SET (DepartmentID, SupervisorID) = (4, 34) WHERE STAFFID = 11;
UPDATE STAFF SET (DepartmentID, SupervisorID) = (1, 44) WHERE STAFFID = 12;
UPDATE STAFF SET (DepartmentID, SupervisorID) = (2, null) WHERE STAFFID = 13;
UPDATE STAFF SET (DepartmentID, SupervisorID) = (3, null) WHERE STAFFID = 14;
UPDATE STAFF SET (DepartmentID, SupervisorID) = (2, 43) WHERE STAFFID = 15;
UPDATE STAFF SET (DepartmentID, SupervisorID) = (8, 31) WHERE STAFFID = 16;
UPDATE STAFF SET (DepartmentID, SupervisorID) = (4, 29) WHERE STAFFID = 17;
UPDATE STAFF SET (DepartmentID, SupervisorID) = (null, null) WHERE STAFFID = 18;
UPDATE STAFF SET (DepartmentID, SupervisorID) = (6, null) WHERE STAFFID = 19;
UPDATE STAFF SET (DepartmentID, SupervisorID) = (3, null) WHERE STAFFID = 20;
UPDATE STAFF SET (DepartmentID, SupervisorID) = (3, 6) WHERE STAFFID = 21;
UPDATE STAFF SET (DepartmentID, SupervisorID) = (2, 27) WHERE STAFFID = 22;
UPDATE STAFF SET (DepartmentID, SupervisorID) = (2, null) WHERE STAFFID = 23;
UPDATE STAFF SET (DepartmentID, SupervisorID) = (9, 21) WHERE STAFFID = 24;
UPDATE STAFF SET (DepartmentID, SupervisorID) = (9, 46) WHERE STAFFID = 25;
UPDATE STAFF SET (DepartmentID, SupervisorID) = (9, 22) WHERE STAFFID = 26;
UPDATE STAFF SET (DepartmentID, SupervisorID) = (2, null) WHERE STAFFID = 27;
UPDATE STAFF SET (DepartmentID, SupervisorID) = (5, 35) WHERE STAFFID = 28;
UPDATE STAFF SET (DepartmentID, SupervisorID) = (5, 39) WHERE STAFFID = 29;
UPDATE STAFF SET (DepartmentID, SupervisorID) = (5, 19) WHERE STAFFID = 30;
UPDATE STAFF SET (DepartmentID, SupervisorID) = (1, 48) WHERE STAFFID = 31;
UPDATE STAFF SET (DepartmentID, SupervisorID) = (null, 26) WHERE STAFFID = 32;
UPDATE STAFF SET (DepartmentID, SupervisorID) = (2, null) WHERE STAFFID = 33;
UPDATE STAFF SET (DepartmentID, SupervisorID) = (1, 44) WHERE STAFFID = 34;
UPDATE STAFF SET (DepartmentID, SupervisorID) = (2, 40) WHERE STAFFID = 35;
UPDATE STAFF SET (DepartmentID, SupervisorID) = (null, null) WHERE STAFFID = 36;
UPDATE STAFF SET (DepartmentID, SupervisorID) = (3, 12) WHERE STAFFID = 37;
UPDATE STAFF SET (DepartmentID, SupervisorID) = (8, 49) WHERE STAFFID = 38;
UPDATE STAFF SET (DepartmentID, SupervisorID) = (1, 8) WHERE STAFFID = 39;
UPDATE STAFF SET (DepartmentID, SupervisorID) = (2, 2) WHERE STAFFID = 40;
UPDATE STAFF SET (DepartmentID, SupervisorID) = (5, 10) WHERE STAFFID = 41;
UPDATE STAFF SET (DepartmentID, SupervisorID) = (null, 6) WHERE STAFFID = 42;
UPDATE STAFF SET (DepartmentID, SupervisorID) = (null, 25) WHERE STAFFID = 43;
UPDATE STAFF SET (DepartmentID, SupervisorID) = (2, 28) WHERE STAFFID = 44;
UPDATE STAFF SET (DepartmentID, SupervisorID) = (null, null) WHERE STAFFID = 45;
UPDATE STAFF SET (DepartmentID, SupervisorID) = (7, null) WHERE STAFFID = 46;
UPDATE STAFF SET (DepartmentID, SupervisorID) = (3, 4) WHERE STAFFID = 47;
UPDATE STAFF SET (DepartmentID, SupervisorID) = (10, 31) WHERE STAFFID = 48;
UPDATE STAFF SET (DepartmentID, SupervisorID) = (2, 37) WHERE STAFFID = 49;
UPDATE STAFF SET (DepartmentID, SupervisorID) = (null, null) WHERE STAFFID = 50;
